DC, Credit reporting, 1109376, Improper use of my credit report, 
DC, Debt collection, 1108789, Cont'd attempts collect debt not owed, 
DC, Student loan, 1101634, Can't repay my loan, 
DC, Credit card, 1099994, Late fee, 
DC, Credit reporting, 1098869, Incorrect information on credit report, 
DC, Debt collection, 1093281, Communication tactics, 
DC, Credit card, 1094152, Billing disputes, 
DC, Debt collection, 1093282, Communication tactics, 
DC, Debt collection, 1092269, Disclosure verification of debt, 
DC, Credit card, 1090221, Other, 
DC, Credit card, 1090220, Other, 
DC, Bank account or service, 1085405, Problems caused by my funds being low, 
DC, Credit reporting, 1084996, Incorrect information on credit report, 
DC, Student loan, 1084892, Can't repay my loan, 
DC, Credit reporting, 1083146, Incorrect information on credit report, 
DC, Student loan, 1084893, Can't repay my loan, 
DC, Debt collection, 1082235, Disclosure verification of debt, 
DC, Credit reporting, 1081337, Credit reporting company's investigation, 
DC, Credit reporting, 1081379, Incorrect information on credit report, 
DC, Consumer loan, 1080535, Shopping for a loan or lease, 
DC, Payday loan, 1081211, Charged fees or interest I didn't expect, 
DC, Debt collection, 1076249, Communication tactics, 
DC, Debt collection, 1076248, Communication tactics, 
DC, Payday loan, 1073430, Applied for loan/did not receive money, 
DC, Credit reporting, 1071802, Incorrect information on credit report, 
DC, Debt collection, 1071628, Cont'd attempts collect debt not owed, 
DC, Bank account or service, 1068727, Deposits and withdrawals, 
DC, Credit reporting, 1068839, Incorrect information on credit report, 
DC, Bank account or service, 1068733, Deposits and withdrawals, 
DC, Debt collection, 1068168, Improper contact or sharing of info, 
DC, Mortgage, 1066254, Credit decision / Underwriting, 
DC, Credit card, 1067662, Delinquent account, 
DC, Debt collection, 1065294, Cont'd attempts collect debt not owed, 
DC, Bank account or service, 1063971, Using a debit or ATM card, 
DC, Bank account or service, 1063970, Problems caused by my funds being low, 
DC, Credit reporting, 1063341, Credit monitoring or identity protection, 
DC, Bank account or service, 1061763, Using a debit or ATM card, 
DC, Credit reporting, 1062634, Credit reporting company's investigation, 
DC, Credit card, 1058649, Billing disputes, 
DC, Credit reporting, 1060847, Incorrect information on credit report, 
DC, Debt collection, 1059006, Cont'd attempts collect debt not owed, 
DC, Credit card, 1058370, Advertising and marketing, 
DC, Credit reporting, 1056556, Credit reporting company's investigation, 
DC, Bank account or service, 1054644, Deposits and withdrawals, 
DC, Debt collection, 1048114, Cont'd attempts collect debt not owed, 
DC, Credit reporting, 1048162, Incorrect information on credit report, 
DC, Debt collection, 1047081, Improper contact or sharing of info, 
DC, Debt collection, 1047678, Cont'd attempts collect debt not owed, 
DC, Credit card, 1047680, Billing disputes, 
DC, Debt collection, 1047679, Cont'd attempts collect debt not owed, 
DC, Mortgage, 1046264, Settlement process and costs, 
DC, Mortgage, 1045104, Settlement process and costs, 
DC, Consumer loan, 1045374, Taking out the loan or lease, 
DC, Credit reporting, 1044062, Incorrect information on credit report, 
DC, Credit reporting, 1044061, Incorrect information on credit report, 
DC, Credit reporting, 1044060, Incorrect information on credit report, 
DC, Credit card, 1043699, Other, 
DC, Credit reporting, 1042180, Incorrect information on credit report, 
DC, Credit reporting, 1042178, Incorrect information on credit report, 
DC, Credit reporting, 1042179, Incorrect information on credit report, 
DC, Debt collection, 1038417, Disclosure verification of debt, 
DC, Bank account or service, 1038776, Deposits and withdrawals, 
DC, Debt collection, 1039762, False statements or representation, 
DC, Debt collection, 1039207, Communication tactics, 
DC, Credit card, 1035458, Payoff process, 
DC, Mortgage, 1031159, Settlement process and costs, 
DC, Credit reporting, 1028537, Incorrect information on credit report, 
DC, Credit card, 1028727, Billing disputes, 
DC, Money transfers, 1029092, Money was not available when promised, 
DC, Credit card, 1029671, Billing disputes, 
DC, Bank account or service, 1025929, Problems caused by my funds being low, 
DC, Debt collection, 1024508, Taking/threatening an illegal action, 
DC, Student loan, 1023864, Dealing with my lender or servicer, 
DC, Consumer loan, 1025403, Managing the loan or lease, 
DC, Credit card, 1022499, Billing disputes, 
DC, Debt collection, 1021216, Communication tactics, 
DC, Credit card, 1020203, Transaction issue, 
DC, Credit reporting, 1017766, Incorrect information on credit report, 
DC, Credit card, 1017514, APR or interest rate, 
DC, Money transfers, 1016894, Money was not available when promised, 
DC, Credit card, 1016989, Other, 
DC, Bank account or service, 1013755, Deposits and withdrawals, 
DC, Bank account or service, 1014417, Problems caused by my funds being low, 
DC, Bank account or service, 1014922, Deposits and withdrawals, 
DC, Student loan, 1012226, Dealing with my lender or servicer, 
DC, Debt collection, 1012406, Cont'd attempts collect debt not owed, 
DC, Money transfers, 1012913, Other transaction issues, 
DC, Credit card, 1010846, APR or interest rate, 
DC, Bank account or service, 1010782, Deposits and withdrawals, 
DC, Debt collection, 1009044, False statements or representation, 
DC, Credit card, 1007462, Billing disputes, 
DC, Credit reporting, 1005683, Unable to get credit report/credit score, 
DC, Debt collection, 1002931, Disclosure verification of debt, 
DC, Credit card, 1003073, Rewards, 
DC, Credit reporting, 1003051, Incorrect information on credit report, 
DC, Credit reporting, 1003050, Incorrect information on credit report, 
DC, Credit reporting, 1003049, Incorrect information on credit report, 
DC, Bank account or service, 1005625, Using a debit or ATM card, 
DC, Credit reporting, 1000692, Incorrect information on credit report, 
DC, Debt collection, 999581, Communication tactics, 
DC, Credit reporting, 998437, Incorrect information on credit report, 
DC, Money transfers, 998536, Money was not available when promised, 
DC, Mortgage, 996339, Credit decision / Underwriting, 
DC, Debt collection, 997772, Communication tactics, 
DC, Credit reporting, 992230, Incorrect information on credit report, 
DC, Credit card, 990757, Closing/Cancelling account, 
DC, Mortgage, 989938, Credit decision / Underwriting, 
DC, Debt collection, 991228, Disclosure verification of debt, 
DC, Credit card, 991511, Identity theft / Fraud / Embezzlement, 
DC, Bank account or service, 988340, Deposits and withdrawals, 
DC, Consumer loan, 987902, Problems when you are unable to pay, 
DC, Credit card, 986826, Billing disputes, 
DC, Student loan, 986072, Getting a loan, 
DC, Credit reporting, 983776, Incorrect information on credit report, 
DC, Credit reporting, 983777, Incorrect information on credit report, 
DC, Credit reporting, 981169, Improper use of my credit report, 
DC, Credit reporting, 978952, Incorrect information on credit report, 
DC, Payday loan, 978246, Charged fees or interest I didn't expect, 
DC, Mortgage, 978987, Settlement process and costs, 
DC, Credit reporting, 978309, Credit reporting company's investigation, 
DC, Bank account or service, 977867, Deposits and withdrawals, 
DC, Credit card, 977067, Privacy, 
DC, Debt collection, 976672, Cont'd attempts collect debt not owed, 
DC, Student loan, 975769, Dealing with my lender or servicer, 
DC, Debt collection, 974971, Cont'd attempts collect debt not owed, 
DC, Debt collection, 973469, Cont'd attempts collect debt not owed, 
DC, Credit reporting, 969625, Incorrect information on credit report, 
DC, Credit card, 966541, APR or interest rate, 
DC, Credit card, 966205, Rewards, 
DC, Debt collection, 966021, Improper contact or sharing of info, 
DC, Credit reporting, 965245, Incorrect information on credit report, 
DC, Credit reporting, 965296, Credit reporting company's investigation, 
DC, Bank account or service, 965421, Problems caused by my funds being low, 
DC, Credit card, 964421, Other, 
DC, Credit card, 960454, Rewards, 
DC, Credit reporting, 962266, Credit monitoring or identity protection, 
DC, Bank account or service, 958906, Deposits and withdrawals, 
DC, Credit card, 959454, Application processing delay, 
DC, Bank account or service, 955892, Problems caused by my funds being low, 
DC, Credit card, 955610, APR or interest rate, 
DC, Credit card, 955757, Billing disputes, 
DC, Bank account or service, 954648, Deposits and withdrawals, 
DC, Credit reporting, 951797, Unable to get credit report/credit score, 
DC, Credit card, 949666, Rewards, 
DC, Payday loan, 948436, Charged fees or interest I didn't expect, 
DC, Credit reporting, 948900, Incorrect information on credit report, 
DC, Credit reporting, 948899, Incorrect information on credit report, 
DC, Mortgage, 948898, Credit decision / Underwriting, 
DC, Consumer loan, 947569, Problems when you are unable to pay, 
DC, Debt collection, 947657, Cont'd attempts collect debt not owed, 
DC, Credit card, 948296, Identity theft / Fraud / Embezzlement, 
DC, Credit reporting, 947031, Incorrect information on credit report, 
DC, Student loan, 946827, Dealing with my lender or servicer, 
DC, Bank account or service, 944849, Deposits and withdrawals, 
DC, Debt collection, 945120, Cont'd attempts collect debt not owed, 
DC, Credit card, 945187, Billing disputes, 
DC, Credit reporting, 943131, Incorrect information on credit report, 
DC, Bank account or service, 943770, Problems caused by my funds being low, 
DC, Bank account or service, 944997, Deposits and withdrawals, 
DC, Credit reporting, 942712, Incorrect information on credit report, 
DC, Credit reporting, 942711, Incorrect information on credit report, 
DC, Mortgage, 940668, Settlement process and costs, 
DC, Debt collection, 940576, Communication tactics, 
DC, Credit reporting, 937549, Incorrect information on credit report, 
DC, Bank account or service, 937821, Problems caused by my funds being low, 
DC, Credit reporting, 936836, Incorrect information on credit report, 
DC, Credit reporting, 936835, Incorrect information on credit report, 
DC, Credit reporting, 936837, Incorrect information on credit report, 
DC, Debt collection, 935536, Communication tactics, 
DC, Student loan, 935678, Can't repay my loan, 
DC, Debt collection, 936025, Disclosure verification of debt, 
DC, Credit card, 936446, Other, 
DC, Debt collection, 934511, Disclosure verification of debt, 
DC, Credit reporting, 933485, Incorrect information on credit report, 
DC, Credit card, 932168, Identity theft / Fraud / Embezzlement, 
DC, Debt collection, 929208, Communication tactics, 
DC, Debt collection, 928528, Cont'd attempts collect debt not owed, 
DC, Credit card, 924560, Delinquent account, 
DC, Credit reporting, 928340, Incorrect information on credit report, 
DC, Debt collection, 923467, Communication tactics, 
DC, Debt collection, 922257, Improper contact or sharing of info, 
DC, Credit reporting, 922210, Incorrect information on credit report, 
DC, Credit reporting, 921719, Incorrect information on credit report, 
DC, Debt collection, 919416, Cont'd attempts collect debt not owed, 
DC, Credit card, 915795, Billing disputes, 
DC, Credit card, 913340, Other, 
DC, Debt collection, 911746, Communication tactics, 
DC, Credit card, 910323, Other, 
DC, Credit reporting, 909347, Incorrect information on credit report, 
DC, Payday loan, 909669, Charged fees or interest I didn't expect, 
DC, Consumer loan, 907608, Managing the loan or lease, 
DC, Bank account or service, 907322, Problems caused by my funds being low, 
DC, Debt collection, 906336, Communication tactics, 
DC, Debt collection, 905521, Cont'd attempts collect debt not owed, 
DC, Credit card, 905296, Advertising and marketing, 
DC, Credit reporting, 905127, Incorrect information on credit report, 
DC, Debt collection, 905126, Cont'd attempts collect debt not owed, 
DC, Debt collection, 903757, Communication tactics, 
DC, Student loan, 902633, Can't repay my loan, 
DC, Debt collection, 902906, Cont'd attempts collect debt not owed, 
DC, Consumer loan, 903262, Managing the line of credit, 
DC, Credit reporting, 899499, Incorrect information on credit report, 
DC, Credit reporting, 899501, Incorrect information on credit report, 
DC, Credit reporting, 899500, Incorrect information on credit report, 
DC, Credit card, 900701, Other, 
DC, Credit reporting, 897725, Incorrect information on credit report, 
DC, Credit reporting, 898349, Credit monitoring or identity protection, 
DC, Bank account or service, 897217, Problems caused by my funds being low, 
DC, Debt collection, 895821, Cont'd attempts collect debt not owed, 
DC, Consumer loan, 896294, Account terms and changes, 
DC, Debt collection, 897049, Cont'd attempts collect debt not owed, 
DC, Debt collection, 894793, Cont'd attempts collect debt not owed, 
DC, Debt collection, 894413, Improper contact or sharing of info, 
DC, Debt collection, 894414, Improper contact or sharing of info, 
DC, Debt collection, 894417, Improper contact or sharing of info, 
DC, Debt collection, 894416, Improper contact or sharing of info, 
DC, Credit reporting, 894437, Unable to get credit report/credit score, 
DC, Credit reporting, 891587, Credit reporting company's investigation, 
DC, Student loan, 890510, Can't repay my loan, 
DC, Credit card, 890528, Application processing delay, 
DC, Consumer loan, 889787, Managing the loan or lease, 
DC, Student loan, 888509, Dealing with my lender or servicer, 
DC, Credit card, 887518, Identity theft / Fraud / Embezzlement, 
DC, Credit card, 887863, Other fee, 
DC, Consumer loan, 886225, Managing the loan or lease, 
DC, Student loan, 887442, Can't repay my loan, 
DC, Consumer loan, 885588, Problems when you are unable to pay, 
DC, Credit reporting, 883135, Credit monitoring or identity protection, 
DC, Debt collection, 880107, Cont'd attempts collect debt not owed, 
DC, Bank account or service, 880912, Deposits and withdrawals, 
DC, Student loan, 879214, Dealing with my lender or servicer, 
DC, Credit reporting, 879490, Incorrect information on credit report, 
DC, Debt collection, 876411, Cont'd attempts collect debt not owed, 
DC, Debt collection, 876412, Cont'd attempts collect debt not owed, 
DC, Debt collection, 877019, False statements or representation, 
DC, Student loan, 877961, Dealing with my lender or servicer, 
DC, Money transfers, 876045, Fraud or scam, 
DC, Debt collection, 876096, Communication tactics, 
DC, Bank account or service, 873946, Deposits and withdrawals, 
DC, Debt collection, 872520, Taking/threatening an illegal action, 
DC, Debt collection, 872521, Taking/threatening an illegal action, 
DC, Bank account or service, 872669, Deposits and withdrawals, 
DC, Money transfers, 873154, Other transaction issues, 
DC, Credit card, 868105, Other, 
DC, Credit card, 867487, Customer service / Customer relations, 
DC, Credit card, 867639, Other, 
DC, Student loan, 866861, Can't repay my loan, 
DC, Bank account or service, 865207, Problems caused by my funds being low, 
DC, Student loan, 864912, Dealing with my lender or servicer, 
DC, Debt collection, 865096, Improper contact or sharing of info, 
DC, Student loan, 862902, Dealing with my lender or servicer, 
DC, Student loan, 862901, Dealing with my lender or servicer, 
DC, Mortgage, 861838, Credit decision / Underwriting, 
DC, Debt collection, 859866, Cont'd attempts collect debt not owed, 
DC, Debt collection, 857529, Communication tactics, 
DC, Student loan, 857177, Dealing with my lender or servicer, 
DC, Debt collection, 857291, Cont'd attempts collect debt not owed, 
DC, Credit reporting, 855754, Incorrect information on credit report, 
DC, Credit card, 854377, Late fee, 
DC, Debt collection, 851565, Communication tactics, 
DC, Bank account or service, 851864, Using a debit or ATM card, 
DC, Credit reporting, 852837, Incorrect information on credit report, 
DC, Debt collection, 852963, Disclosure verification of debt, 
DC, Debt collection, 851346, Improper contact or sharing of info, 
DC, Mortgage, 849646, Settlement process and costs, 
DC, Credit reporting, 852952, Incorrect information on credit report, 
DC, Payday loan, 848544, Charged fees or interest I didn't expect, 
DC, Debt collection, 847245, Cont'd attempts collect debt not owed, 
DC, Credit card, 845113, Billing disputes, 
DC, Bank account or service, 845647, Deposits and withdrawals, 
DC, Payday loan, 846058, Charged fees or interest I didn't expect, 
DC, Bank account or service, 844639, Deposits and withdrawals, 
DC, Student loan, 844896, Dealing with my lender or servicer, 
DC, Credit card, 839745, Billing disputes, 
DC, Mortgage, 840411, Credit decision / Underwriting, 
DC, Debt collection, 838372, Taking/threatening an illegal action, 
DC, Debt collection, 837617, Cont'd attempts collect debt not owed, 
DC, Credit card, 833304, Advertising and marketing, 
DC, Student loan, 834483, Dealing with my lender or servicer, 
DC, Credit reporting, 834627, Unable to get credit report/credit score, 
DC, Debt collection, 834637, Cont'd attempts collect debt not owed, 
DC, Debt collection, 829783, Disclosure verification of debt, 
DC, Debt collection, 829697, Cont'd attempts collect debt not owed, 
DC, Credit reporting, 830656, Incorrect information on credit report, 
DC, Credit reporting, 829535, Incorrect information on credit report, 
DC, Student loan, 828694, Dealing with my lender or servicer, 
DC, Debt collection, 827038, Cont'd attempts collect debt not owed, 
DC, Credit card, 820603, Identity theft / Fraud / Embezzlement, 
DC, Credit card, 823625, Transaction issue, 
DC, Bank account or service, 823872, Deposits and withdrawals, 
DC, Debt collection, 824174, Communication tactics, 
DC, Debt collection, 824173, Communication tactics, 
DC, Student loan, 824299, Dealing with my lender or servicer, 
DC, Debt collection, 824463, Taking/threatening an illegal action, 
DC, Debt collection, 823395, Cont'd attempts collect debt not owed, 
DC, Student loan, 821616, Dealing with my lender or servicer, 
DC, Bank account or service, 821804, Using a debit or ATM card, 
DC, Credit reporting, 820951, Incorrect information on credit report, 
DC, Credit card, 818671, Billing disputes, 
DC, Payday loan, 817579, Charged fees or interest I didn't expect, 
DC, Payday loan, 817581, Can't stop charges to bank account, 
DC, Credit reporting, 817775, Unable to get credit report/credit score, 
DC, Debt collection, 816738, Cont'd attempts collect debt not owed, 
DC, Credit card, 815237, Closing/Cancelling account, 
DC, Credit reporting, 815607, Unable to get credit report/credit score, 
DC, Student loan, 811184, Dealing with my lender or servicer, 
DC, Student loan, 811299, Dealing with my lender or servicer, 
DC, Credit reporting, 811496, Incorrect information on credit report, 
DC, Debt collection, 809842, Disclosure verification of debt, 
DC, Credit reporting, 806882, Unable to get credit report/credit score, 
DC, Credit reporting, 806881, Unable to get credit report/credit score, 
DC, Bank account or service, 806140, Deposits and withdrawals, 
DC, Credit reporting, 803041, Incorrect information on credit report, 
DC, Bank account or service, 803492, Deposits and withdrawals, 
DC, Debt collection, 802643, Cont'd attempts collect debt not owed, 
DC, Debt collection, 802642, Cont'd attempts collect debt not owed, 
DC, Payday loan, 801160, Charged fees or interest I didn't expect, 
DC, Credit card, 799660, Billing disputes, 
DC, Credit card, 799693, Billing disputes, 
DC, Debt collection, 797307, Improper contact or sharing of info, 
DC, Debt collection, 797306, Improper contact or sharing of info, 
DC, Debt collection, 795861, Communication tactics, 
DC, Student loan, 795688, Can't repay my loan, 
DC, Debt collection, 795494, False statements or representation, 
DC, Consumer loan, 794693, Shopping for a line of credit, 
DC, Bank account or service, 792873, Deposits and withdrawals, 
DC, Debt collection, 790870, Cont'd attempts collect debt not owed, 
DC, Bank account or service, 791341, Deposits and withdrawals, 
DC, Consumer loan, 791342, Shopping for a loan or lease, 
DC, Bank account or service, 791338, Deposits and withdrawals, 
DC, Credit reporting, 787831, Incorrect information on credit report, 
DC, Credit card, 785029, Billing disputes, 
DC, Mortgage, 779054, Settlement process and costs, 
DC, Bank account or service, 778385, Problems caused by my funds being low, 
DC, Debt collection, 773673, Cont'd attempts collect debt not owed, 
DC, Consumer loan, 773343, Shopping for a line of credit, 
DC, Credit reporting, 772659, Credit monitoring or identity protection, 
DC, Credit reporting, 772715, Incorrect information on credit report, 
DC, Student loan, 773180, Getting a loan, 
DC, Student loan, 763722, Dealing with my lender or servicer, 
DC, Credit card, 761173, Customer service / Customer relations, 
DC, Consumer loan, 762034, Managing the loan or lease, 
DC, Credit card, 760550, Billing statement, 
DC, Payday loan, 767722, Charged fees or interest I didn't expect, 
DC, Student loan, 758576, Can't repay my loan, 
DC, Credit reporting, 767344, Unable to get credit report/credit score, 
DC, Credit reporting, 757838, Unable to get credit report/credit score, 
DC, Credit reporting, 757839, Unable to get credit report/credit score, 
DC, Debt collection, 756183, Communication tactics, 
DC, Credit card, 754348, Closing/Cancelling account, 
DC, Credit card, 757705, Other, 
DC, Bank account or service, 755203, Deposits and withdrawals, 
DC, Bank account or service, 760137, Deposits and withdrawals, 
DC, Debt collection, 754064, Cont'd attempts collect debt not owed, 
DC, Bank account or service, 752203, Deposits and withdrawals, 
DC, Credit reporting, 759918, Incorrect information on credit report, 
DC, Student loan, 762600, Dealing with my lender or servicer, 
DC, Student loan, 748939, Dealing with my lender or servicer, 
DC, Debt collection, 744161, Communication tactics, 
DC, Credit card, 740284, Credit determination, 
DC, Bank account or service, 738891, Deposits and withdrawals, 
DC, Bank account or service, 738461, Deposits and withdrawals, 
DC, Debt collection, 737073, Cont'd attempts collect debt not owed, 
DC, Debt collection, 737074, Cont'd attempts collect debt not owed, 
DC, Debt collection, 733554, Improper contact or sharing of info, 
DC, Consumer loan, 731867, Problems when you are unable to pay, 
DC, Debt collection, 732473, Cont'd attempts collect debt not owed, 
DC, Money transfers, 732501, Money was not available when promised, 
DC, Credit card, 732150, Billing disputes, 
DC, Consumer loan, 728275, Problems when you are unable to pay, 
DC, Debt collection, 728336, Cont'd attempts collect debt not owed, 
DC, Credit reporting, 722199, Incorrect information on credit report, 
DC, Credit reporting, 722200, Incorrect information on credit report, 
DC, Student loan, 724639, Can't repay my loan, 
DC, Consumer loan, 723249, Problems when you are unable to pay, 
DC, Student loan, 723423, Dealing with my lender or servicer, 
DC, Credit reporting, 725033, Incorrect information on credit report, 
DC, Debt collection, 717332, Cont'd attempts collect debt not owed, 
DC, Credit reporting, 716357, Incorrect information on credit report, 
DC, Credit reporting, 714007, Credit reporting company's investigation, 
DC, Credit reporting, 714005, Credit reporting company's investigation, 
DC, Credit reporting, 714006, Credit reporting company's investigation, 
DC, Credit reporting, 714004, Credit reporting company's investigation, 
DC, Credit card, 715612, Other fee, 
DC, Debt collection, 714720, False statements or representation, 
DC, Debt collection, 714719, False statements or representation, 
DC, Credit reporting, 716597, Incorrect information on credit report, 
DC, Debt collection, 713522, False statements or representation, 
DC, Debt collection, 713521, False statements or representation, 
DC, Credit card, 717523, Billing disputes, 
DC, Money transfers, 709036, Fraud or scam, 
DC, Credit card, 706767, Credit card protection / Debt protection, 
DC, Credit card, 706768, Credit card protection / Debt protection, 
DC, Debt collection, 706766, Taking/threatening an illegal action, 
DC, Credit reporting, 704743, Incorrect information on credit report, 
DC, Credit reporting, 704672, Incorrect information on credit report, 
DC, Student loan, 704096, Can't repay my loan, 
DC, Student loan, 705212, Dealing with my lender or servicer, 
DC, Debt collection, 701423, Cont'd attempts collect debt not owed, 
DC, Credit reporting, 701763, Unable to get credit report/credit score, 
DC, Credit card, 700489, Advertising and marketing, 
DC, Credit reporting, 707936, Improper use of my credit report, 
DC, Credit reporting, 699644, Unable to get credit report/credit score, 
DC, Consumer loan, 699708, Managing the loan or lease, 
DC, Credit card, 700167, Billing disputes, 
DC, Debt collection, 697828, Communication tactics, 
DC, Credit reporting, 698242, Incorrect information on credit report, 
DC, Debt collection, 693095, Communication tactics, 
DC, Bank account or service, 691484, Deposits and withdrawals, 
DC, Bank account or service, 691945, Deposits and withdrawals, 
DC, Student loan, 690974, Dealing with my lender or servicer, 
DC, Credit card, 689285, Credit card protection / Debt protection, 
DC, Student loan, 685997, Dealing with my lender or servicer, 
DC, Bank account or service, 687582, Deposits and withdrawals, 
DC, Credit reporting, 689749, Incorrect information on credit report, 
DC, Debt collection, 685827, Communication tactics, 
DC, Debt collection, 685828, Communication tactics, 
DC, Credit reporting, 681048, Incorrect information on credit report, 
DC, Credit card, 680044, Other fee, 
DC, Credit reporting, 680206, Incorrect information on credit report, 
DC, Debt collection, 680472, Cont'd attempts collect debt not owed, 
DC, Debt collection, 679640, Cont'd attempts collect debt not owed, 
DC, Debt collection, 679641, Cont'd attempts collect debt not owed, 
DC, Money transfers, 676285, Money was not available when promised, 
DC, Bank account or service, 675673, Using a debit or ATM card, 
DC, Student loan, 675959, Dealing with my lender or servicer, 
DC, Credit card, 673059, Rewards, 
DC, Student loan, 672462, Dealing with my lender or servicer, 
DC, Credit reporting, 671493, Incorrect information on credit report, 
DC, Bank account or service, 672012, Deposits and withdrawals, 
DC, Credit card, 670986, Unsolicited issuance of credit card, 
DC, Bank account or service, 665376, Using a debit or ATM card, 
DC, Student loan, 662831, Dealing with my lender or servicer, 
DC, Credit reporting, 664395, Unable to get credit report/credit score, 
DC, Credit card, 664182, Billing disputes, 
DC, Credit card, 663066, Other fee, 
DC, Credit reporting, 661159, Incorrect information on credit report, 
DC, Debt collection, 659812, Improper contact or sharing of info, 
DC, Consumer loan, 660636, Problems when you are unable to pay, 
DC, Bank account or service, 656072, Deposits and withdrawals, 
DC, Credit card, 654933, Identity theft / Fraud / Embezzlement, 
DC, Debt collection, 655417, False statements or representation, 
DC, Credit reporting, 654455, Incorrect information on credit report, 
DC, Student loan, 654892, Dealing with my lender or servicer, 
DC, Debt collection, 654130, Cont'd attempts collect debt not owed, 
DC, Credit reporting, 652003, Incorrect information on credit report, 
DC, Money transfers, 652300, Wrong amount charged or received, 
DC, Credit reporting, 650901, Unable to get credit report/credit score, 
DC, Credit card, 650990, Application processing delay, 
DC, Credit card, 651201, Advertising and marketing, 
DC, Mortgage, 649685, Settlement process and costs, 
DC, Credit reporting, 646133, Unable to get credit report/credit score, 
DC, Credit reporting, 646134, Unable to get credit report/credit score, 
DC, Debt collection, 645661, Cont'd attempts collect debt not owed, 
DC, Credit reporting, 646135, Unable to get credit report/credit score, 
DC, Credit card, 644622, Identity theft / Fraud / Embezzlement, 
DC, Debt collection, 641422, Disclosure verification of debt, 
DC, Credit card, 641124, Payoff process, 
DC, Debt collection, 637383, Disclosure verification of debt, 
DC, Credit reporting, 636491, Incorrect information on credit report, 
DC, Credit reporting, 631565, Incorrect information on credit report, 
DC, Debt collection, 630261, Communication tactics, 
DC, Consumer loan, 629337, Problems when you are unable to pay, 
DC, Debt collection, 627817, Cont'd attempts collect debt not owed, 
DC, Debt collection, 625428, Disclosure verification of debt, 
DC, Debt collection, 625427, Disclosure verification of debt, 
DC, Credit card, 625419, Arbitration, 
DC, Debt collection, 625424, Disclosure verification of debt, 
DC, Debt collection, 624544, Cont'd attempts collect debt not owed, 
DC, Credit card, 625125, Rewards, 
DC, Mortgage, 623034, Other, 
DC, Debt collection, 623370, Communication tactics, 
DC, Credit reporting, 621691, Incorrect information on credit report, 
DC, Debt collection, 620664, Cont'd attempts collect debt not owed, 
DC, Bank account or service, 619095, Deposits and withdrawals, 
DC, Debt collection, 620322, Improper contact or sharing of info, 
DC, Credit reporting, 615963, Incorrect information on credit report, 
DC, Debt collection, 616143, Communication tactics, 
DC, Credit card, 615336, Rewards, 
DC, Credit reporting, 615421, Credit monitoring or identity protection, 
DC, Debt collection, 615700, False statements or representation, 
DC, Debt collection, 615699, Cont'd attempts collect debt not owed, 
DC, Consumer loan, 613478, Managing the loan or lease, 
DC, Debt collection, 608812, Cont'd attempts collect debt not owed, 
DC, Student loan, 607824, Repaying your loan, 
DC, Debt collection, 603203, Cont'd attempts collect debt not owed, 
DC, Payday loan, 603454, Applied for loan/did not receive money, 
DC, Credit card, 602950, Credit determination, 
DC, Consumer loan, 601593, Managing the loan or lease, 
DC, Consumer loan, 599827, Taking out the loan or lease, 
DC, Consumer loan, 596769, Taking out the loan or lease, 
DC, Debt collection, 597060, Cont'd attempts collect debt not owed, 
DC, Debt collection, 597059, Cont'd attempts collect debt not owed, 
DC, Credit reporting, 595199, Improper use of my credit report, 
DC, Credit reporting, 595198, Improper use of my credit report, 
DC, Debt collection, 595295, Communication tactics, 
DC, Debt collection, 592820, Communication tactics, 
DC, Debt collection, 592844, Cont'd attempts collect debt not owed, 
DC, Credit reporting, 591624, Incorrect information on credit report, 
DC, Debt collection, 589960, Improper contact or sharing of info, 
DC, Student loan, 591418, Repaying your loan, 
DC, Credit reporting, 590703, Incorrect information on credit report, 
DC, Money transfers, 584142, Fraud or scam, 
DC, Money transfers, 584141, Fraud or scam, 
DC, Credit reporting, 580994, Incorrect information on credit report, 
DC, Credit reporting, 580993, Incorrect information on credit report, 
DC, Credit reporting, 582240, Improper use of my credit report, 
DC, Bank account or service, 582331, Using a debit or ATM card, 
DC, Student loan, 582421, Repaying your loan, 
DC, Debt collection, 580860, Cont'd attempts collect debt not owed, 
DC, Mortgage, 579299, Settlement process and costs, 
DC, Debt collection, 577565, Communication tactics, 
DC, Credit reporting, 576341, Incorrect information on credit report, 
DC, Credit reporting, 576340, Incorrect information on credit report, 
DC, Credit reporting, 576338, Incorrect information on credit report, 
DC, Credit reporting, 575781, Incorrect information on credit report, 
DC, Consumer loan, 573126, Managing the loan or lease, 
DC, Credit card, 572690, Billing disputes, 
DC, Student loan, 571558, Problems when you are unable to pay, 
DC, Debt collection, 572702, Taking/threatening an illegal action, 
DC, Credit reporting, 571210, Incorrect information on credit report, 
DC, Debt collection, 570128, Taking/threatening an illegal action, 
DC, Bank account or service, 570174, Problems caused by my funds being low, 
DC, Student loan, 570682, Problems when you are unable to pay, 
DC, Bank account or service, 568157, Deposits and withdrawals, 
DC, Credit reporting, 567648, Incorrect information on credit report, 
DC, Bank account or service, 566955, Problems caused by my funds being low, 
DC, Credit card, 567256, Closing/Cancelling account, 
DC, Debt collection, 566069, Cont'd attempts collect debt not owed, 
DC, Student loan, 566454, Repaying your loan, 
DC, Bank account or service, 566426, Deposits and withdrawals, 
DC, Debt collection, 564672, Cont'd attempts collect debt not owed, 
DC, Mortgage, 564363, Settlement process and costs, 
DC, Bank account or service, 562952, Deposits and withdrawals, 
DC, Debt collection, 563224, False statements or representation, 
DC, Debt collection, 563757, False statements or representation, 
DC, Debt collection, 563756, False statements or representation, 
DC, Consumer loan, 561791, Shopping for a line of credit, 
DC, Credit reporting, 560257, Credit monitoring or identity protection, 
DC, Credit card, 559494, Delinquent account, 
DC, Student loan, 558571, Repaying your loan, 
DC, Bank account or service, 557809, Problems caused by my funds being low, 
DC, Credit card, 556696, Other fee, 
DC, Credit card, 556395, Billing disputes, 
DC, Credit card, 556409, Credit line increase/decrease, 
DC, Credit reporting, 556588, Unable to get credit report/credit score, 
DC, Credit reporting, 556589, Unable to get credit report/credit score, 
DC, Consumer loan, 555032, Managing the loan or lease, 
DC, Student loan, 553191, Repaying your loan, 
DC, Credit card, 551586, Billing disputes, 
DC, Student loan, 551889, Getting a loan, 
DC, Credit card, 551698, Identity theft / Fraud / Embezzlement, 
DC, Credit card, 549433, Payoff process, 
DC, Credit reporting, 546186, Unable to get credit report/credit score, 
DC, Credit card, 546293, Transaction issue, 
DC, Debt collection, 545164, Communication tactics, 
DC, Credit card, 544175, Delinquent account, 
DC, Debt collection, 541767, Cont'd attempts collect debt not owed, 
DC, Student loan, 542749, Problems when you are unable to pay, 
DC, Mortgage, 538929, Credit decision / Underwriting, 
DC, Debt collection, 535977, Improper contact or sharing of info, 
DC, Debt collection, 533929, Cont'd attempts collect debt not owed, 
DC, Consumer loan, 533124, Managing the loan or lease, 
DC, Credit reporting, 533709, Incorrect information on credit report, 
DC, Credit card, 532437, Rewards, 
DC, Credit card, 531853, Late fee, 
DC, Credit card, 530054, Unsolicited issuance of credit card, 
DC, Credit reporting, 526995, Improper use of my credit report, 
DC, Credit card, 525031, Other, 
DC, Credit card, 525032, Other, 
DC, Credit card, 523265, Overlimit fee, 
DC, Credit card, 523261, Billing disputes, 
DC, Credit card, 521618, Closing/Cancelling account, 
DC, Debt collection, 521791, False statements or representation, 
DC, Debt collection, 521790, False statements or representation, 
DC, Debt collection, 520988, Taking/threatening an illegal action, 
DC, Credit card, 518747, Billing disputes, 
DC, Credit reporting, 517450, Incorrect information on credit report, 
DC, Credit reporting, 515047, Incorrect information on credit report, 
DC, Credit reporting, 516441, Credit monitoring or identity protection, 
DC, Credit card, 515522, Billing statement, 
DC, Credit reporting, 512519, Incorrect information on credit report, 
DC, Bank account or service, 513391, Deposits and withdrawals, 
DC, Bank account or service, 513713, Deposits and withdrawals, 
DC, Credit card, 512561, Late fee, 
DC, Credit card, 510416, Closing/Cancelling account, 
DC, Debt collection, 510490, Disclosure verification of debt, 
DC, Credit reporting, 510577, Incorrect information on credit report, 
DC, Credit card, 509705, Customer service / Customer relations, 
DC, Credit reporting, 507645, Incorrect information on credit report, 
DC, Credit reporting, 508276, Incorrect information on credit report, 
DC, Credit reporting, 502008, Credit reporting company's investigation, 
DC, Credit card, 502009, Customer service / Customer relations, 
DC, Credit reporting, 508220, Incorrect information on credit report, 
DC, Credit reporting, 508219, Incorrect information on credit report, 
DC, Credit reporting, 501127, Incorrect information on credit report, 
DC, Mortgage, 499694, Credit decision / Underwriting, 
DC, Debt collection, 494464, Cont'd attempts collect debt not owed, 
DC, Debt collection, 491276, Communication tactics, 
DC, Debt collection, 488764, Communication tactics, 
DC, Credit reporting, 492007, Credit reporting company's investigation, 
DC, Credit reporting, 492964, Improper use of my credit report, 
DC, Bank account or service, 487632, Deposits and withdrawals, 
DC, Mortgage, 488125, Settlement process and costs, 
DC, Debt collection, 485832, Cont'd attempts collect debt not owed, 
DC, Debt collection, 483202, Taking/threatening an illegal action, 
DC, Debt collection, 483201, Taking/threatening an illegal action, 
DC, Student loan, 482734, Repaying your loan, 
DC, Debt collection, 474483, Disclosure verification of debt, 
DC, Debt collection, 484255, Cont'd attempts collect debt not owed, 
DC, Debt collection, 484254, Cont'd attempts collect debt not owed, 
DC, Credit reporting, 476144, Unable to get credit report/credit score, 
DC, Bank account or service, 472534, Problems caused by my funds being low, 
DC, Credit reporting, 457635, Unable to get credit report/credit score, 
DC, Credit reporting, 457634, Unable to get credit report/credit score, 
DC, Consumer loan, 469819, Managing the loan or lease, 
DC, Debt collection, 479346, Cont'd attempts collect debt not owed, 
DC, Credit card, 467665, Billing disputes, 
DC, Credit card, 466091, Payoff process, 
DC, Student loan, 465491, Repaying your loan, 
DC, Mortgage, 465710, Settlement process and costs, 
DC, Mortgage, 475914, Settlement process and costs, 
DC, Money transfers, 479930, Fraud or scam, 
DC, Consumer loan, 461853, Account terms and changes, 
DC, Credit card, 462246, Billing statement, 
DC, Money transfers, 460385, Other transaction issues, 
DC, Credit reporting, 460742, Unable to get credit report/credit score, 
DC, Credit reporting, 460741, Unable to get credit report/credit score, 
DC, Credit card, 459942, Other, 
DC, Debt collection, 460081, Communication tactics, 
DC, Credit card, 459162, Other, 
DC, Student loan, 457415, Repaying your loan, 
DC, Credit reporting, 457633, Unable to get credit report/credit score, 
DC, Credit reporting, 480361, Credit reporting company's investigation, 
DC, Credit reporting, 455776, Incorrect information on credit report, 
DC, Bank account or service, 453796, Deposits and withdrawals, 
DC, Credit reporting, 454774, Incorrect information on credit report, 
DC, Credit reporting, 454064, Incorrect information on credit report, 
DC, Credit reporting, 454454, Incorrect information on credit report, 
DC, Credit reporting, 454453, Incorrect information on credit report, 
DC, Student loan, 454130, Repaying your loan, 
DC, Mortgage, 454513, Credit decision / Underwriting, 
DC, Credit reporting, 448779, Incorrect information on credit report, 
DC, Credit card, 447221, Advertising and marketing, 
DC, Credit reporting, 445771, Incorrect information on credit report, 
DC, Credit reporting, 445770, Incorrect information on credit report, 
DC, Credit reporting, 445769, Incorrect information on credit report, 
DC, Bank account or service, 444339, Deposits and withdrawals, 
DC, Credit card, 442504, Billing disputes, 
DC, Credit reporting, 443900, Incorrect information on credit report, 
DC, Mortgage, 441858, Credit decision / Underwriting, 
DC, Credit reporting, 442171, Incorrect information on credit report, 
DC, Bank account or service, 440711, Deposits and withdrawals, 
DC, Credit card, 440911, Closing/Cancelling account, 
DC, Credit reporting, 441357, Incorrect information on credit report, 
DC, Credit reporting, 441356, Incorrect information on credit report, 
DC, Mortgage, 440137, Credit decision / Underwriting, 
DC, Credit card, 439364, Application processing delay, 
DC, Bank account or service, 434851, Problems caused by my funds being low, 
DC, Credit card, 434583, Closing/Cancelling account, 
DC, Bank account or service, 432826, Using a debit or ATM card, 
DC, Credit reporting, 432300, Incorrect information on credit report, 
DC, Consumer loan, 432314, Managing the loan or lease, 
DC, Consumer loan, 432155, Managing the loan or lease, 
DC, Credit reporting, 431781, Incorrect information on credit report, 
DC, Credit card, 431044, Billing disputes, 
DC, Credit card, 427096, Billing statement, 
DC, Money transfers, 428675, Other service issues, 
DC, Student loan, 427398, Problems when you are unable to pay, 
DC, Credit card, 429605, Collection debt dispute, 
DC, Credit reporting, 428507, Incorrect information on credit report, 
DC, Credit reporting, 428506, Incorrect information on credit report, 
DC, Credit card, 425670, Collection practices, 
DC, Student loan, 423986, Repaying your loan, 
DC, Credit reporting, 419795, Incorrect information on credit report, 
DC, Bank account or service, 419487, Using a debit or ATM card, 
DC, Credit reporting, 416888, Credit monitoring or identity protection, 
DC, Student loan, 418456, Repaying your loan, 
DC, Student loan, 413780, Problems when you are unable to pay, 
DC, Bank account or service, 413536, Deposits and withdrawals, 
DC, Credit card, 410888, Balance transfer fee, 
DC, Credit card, 410745, APR or interest rate, 
DC, Consumer loan, 410144, Problems when you are unable to pay, 
DC, Consumer loan, 408945, Managing the loan or lease, 
DC, Credit reporting, 409654, Incorrect information on credit report, 
DC, Credit card, 409936, Customer service / Customer relations, 
DC, Credit reporting, 406725, Incorrect information on credit report, 
DC, Credit card, 405221, Collection practices, 
DC, Credit card, 405220, Delinquent account, 
DC, Credit card, 406235, Closing/Cancelling account, 
DC, Bank account or service, 407031, Deposits and withdrawals, 
DC, Credit reporting, 405574, Incorrect information on credit report, 
DC, Credit reporting, 405575, Incorrect information on credit report, 
DC, Student loan, 403268, Repaying your loan, 
DC, Credit card, 400899, Late fee, 
DC, Bank account or service, 400257, Using a debit or ATM card, 
DC, Credit card, 398242, Collection debt dispute, 
DC, Credit card, 398243, Collection debt dispute, 
DC, Credit card, 399037, Collection practices, 
DC, Bank account or service, 395264, Deposits and withdrawals, 
DC, Credit card, 393832, Collection practices, 
DC, Bank account or service, 393155, Deposits and withdrawals, 
DC, Bank account or service, 393154, Deposits and withdrawals, 
DC, Bank account or service, 391915, Deposits and withdrawals, 
DC, Student loan, 391947, Repaying your loan, 
DC, Credit card, 390069, Collection practices, 
DC, Credit reporting, 390803, Incorrect information on credit report, 
DC, Credit reporting, 390522, Credit reporting company's investigation, 
DC, Credit card, 387928, Collection debt dispute, 
DC, Credit card, 387927, Collection debt dispute, 
DC, Credit card, 388196, Late fee, 
DC, Bank account or service, 388712, Deposits and withdrawals, 
DC, Bank account or service, 388719, Problems caused by my funds being low, 
DC, Credit reporting, 388722, Incorrect information on credit report, 
DC, Credit card, 386942, Customer service / Customer relations, 
DC, Bank account or service, 385336, Deposits and withdrawals, 
DC, Credit reporting, 386220, Unable to get credit report/credit score, 
DC, Credit card, 383945, Other, 
DC, Credit card, 383946, Other, 
DC, Credit reporting, 382872, Incorrect information on credit report, 
DC, Credit card, 381553, Credit reporting, 
DC, Credit card, 381552, Credit reporting, 
DC, Bank account or service, 381631, Deposits and withdrawals, 
DC, Credit reporting, 378998, Incorrect information on credit report, 
DC, Credit reporting, 378997, Incorrect information on credit report, 
DC, Credit reporting, 378999, Incorrect information on credit report, 
DC, Credit reporting, 378656, Incorrect information on credit report, 
DC, Credit reporting, 378819, Incorrect information on credit report, 
DC, Credit reporting, 374918, Incorrect information on credit report, 
DC, Student loan, 375343, Repaying your loan, 
DC, Credit card, 375457, Unsolicited issuance of credit card, 
DC, Student loan, 373340, Problems when you are unable to pay, 
DC, Consumer loan, 373115, Managing the line of credit, 
DC, Credit reporting, 372929, Incorrect information on credit report, 
DC, Credit card, 370358, Credit determination, 
DC, Credit card, 370128, Rewards, 
DC, Credit reporting, 369526, Incorrect information on credit report, 
DC, Mortgage, 368044, Credit decision / Underwriting, 
DC, Credit reporting, 366745, Incorrect information on credit report, 
DC, Credit reporting, 366865, Incorrect information on credit report, 
DC, Credit reporting, 367109, Incorrect information on credit report, 
DC, Credit reporting, 367108, Incorrect information on credit report, 
DC, Credit reporting, 367110, Incorrect information on credit report, 
DC, Credit reporting, 364139, Credit reporting company's investigation, 
DC, Credit card, 364199, Closing/Cancelling account, 
DC, Credit reporting, 364138, Credit reporting company's investigation, 
DC, Credit card, 363533, Credit line increase/decrease, 
DC, Credit reporting, 363955, Unable to get credit report/credit score, 
DC, Credit reporting, 363954, Unable to get credit report/credit score, 
DC, Credit reporting, 360682, Incorrect information on credit report, 
DC, Credit reporting, 360683, Incorrect information on credit report, 
DC, Credit card, 357825, APR or interest rate, 
DC, Credit reporting, 356813, Incorrect information on credit report, 
DC, Credit reporting, 357395, Incorrect information on credit report, 
DC, Credit card, 354299, Billing disputes, 
DC, Credit reporting, 354436, Incorrect information on credit report, 
DC, Mortgage, 353678, Credit decision / Underwriting, 
DC, Credit card, 352786, Billing disputes, 
DC, Consumer loan, 351103, Account terms and changes, 
DC, Credit reporting, 350209, Incorrect information on credit report, 
DC, Credit reporting, 348054, Unable to get credit report/credit score, 
DC, Student loan, 346243, Repaying your loan, 
DC, Bank account or service, 343621, Using a debit or ATM card, 
DC, Bank account or service, 343639, Deposits and withdrawals, 
DC, Bank account or service, 343792, Deposits and withdrawals, 
DC, Mortgage, 342745, Settlement process and costs, 
DC, Credit reporting, 340667, Credit reporting company's investigation, 
DC, Credit reporting, 339888, Unable to get credit report/credit score, 
DC, Bank account or service, 338710, Deposits and withdrawals, 
DC, Mortgage, 339242, Settlement process and costs, 
DC, Credit reporting, 339567, Unable to get credit report/credit score, 
DC, Credit reporting, 337350, Incorrect information on credit report, 
DC, Consumer loan, 338256, Managing the loan or lease, 
DC, Student loan, 335057, Repaying your loan, 
DC, Credit reporting, 334595, Credit reporting company's investigation, 
DC, Student loan, 334602, Repaying your loan, 
DC, Bank account or service, 330715, Deposits and withdrawals, 
DC, Credit card, 329170, Late fee, 
DC, Credit card, 329159, Customer service / Customer relations, 
DC, Credit reporting, 329290, Credit monitoring or identity protection, 
DC, Credit reporting, 329289, Credit monitoring or identity protection, 
DC, Bank account or service, 328656, Problems caused by my funds being low, 
DC, Bank account or service, 327239, Using a debit or ATM card, 
DC, Student loan, 327551, Problems when you are unable to pay, 
DC, Bank account or service, 326678, Deposits and withdrawals, 
DC, Student loan, 320196, Repaying your loan, 
DC, Mortgage, 317099, Settlement process and costs, 
DC, Credit reporting, 317332, Incorrect information on credit report, 
DC, Credit card, 316302, Unsolicited issuance of credit card, 
DC, Credit card, 316544, Billing disputes, 
DC, Credit reporting, 316202, Unable to get credit report/credit score, 
DC, Credit card, 312372, Payoff process, 
DC, Credit reporting, 298961, Credit monitoring or identity protection, 
DC, Credit reporting, 300426, Credit monitoring or identity protection, 
DC, Credit reporting, 278676, Incorrect information on credit report, 
DC, Credit reporting, 278675, Incorrect information on credit report, 
DC, Credit reporting, 278677, Incorrect information on credit report, 
DC, Credit reporting, 281886, Incorrect information on credit report, 
DC, Credit reporting, 281885, Incorrect information on credit report, 
DC, Credit reporting, 267597, Incorrect information on credit report, 
DC, Credit reporting, 265285, Credit monitoring or identity protection, 
DC, Credit reporting, 267595, Unable to get credit report/credit score, 
DC, Credit reporting, 267593, Incorrect information on credit report, 
DC, Mortgage, 265089, Other, 
DC, Consumer loan, 264618, Problems when you are unable to pay, 
DC, Credit card, 245330, Billing statement, 
DC, Bank account or service, 244958, Deposits and withdrawals, 
DC, Bank account or service, 234131, Deposits and withdrawals, 
DC, Student loan, 230260, Repaying your loan, 
DC, Credit reporting, 229649, Incorrect information on credit report, 
DC, Credit card, 229298, Transaction issue, 
DC, Credit card, 226681, Credit reporting, 
DC, Student loan, 227855, Repaying your loan, 
DC, Student loan, 226474, Repaying your loan, 
DC, Credit reporting, 226503, Incorrect information on credit report, 
DC, Student loan, 225589, Repaying your loan, 
DC, Credit card, 223032, Payoff process, 
DC, Credit reporting, 222433, Incorrect information on credit report, 
DC, Credit reporting, 221547, Incorrect information on credit report, 
DC, Consumer loan, 218880, Managing the loan or lease, 
DC, Credit card, 218312, Billing disputes, 
DC, Bank account or service, 217467, Problems caused by my funds being low, 
DC, Bank account or service, 217474, Problems caused by my funds being low, 
DC, Credit reporting, 221220, Unable to get credit report/credit score, 
DC, Student loan, 217310, Repaying your loan, 
DC, Bank account or service, 216940, Deposits and withdrawals, 
DC, Student loan, 216624, Repaying your loan, 
DC, Credit reporting, 213492, Incorrect information on credit report, 
DC, Credit reporting, 213235, Credit reporting company's investigation, 
DC, Bank account or service, 213087, Using a debit or ATM card, 
DC, Credit card, 211325, Rewards, 
DC, Credit reporting, 210917, Incorrect information on credit report, 
DC, Consumer loan, 210740, Problems when you are unable to pay, 
DC, Bank account or service, 210438, Problems caused by my funds being low, 
DC, Student loan, 210523, Problems when you are unable to pay, 
DC, Credit reporting, 210518, Credit monitoring or identity protection, 
DC, Credit card, 204736, Credit reporting, 
DC, Student loan, 204854, Repaying your loan, 
DC, Student loan, 204254, Repaying your loan, 
DC, Bank account or service, 204356, Using a debit or ATM card, 
DC, Credit reporting, 203229, Incorrect information on credit report, 
DC, Student loan, 201769, Repaying your loan, 
DC, Bank account or service, 201930, Problems caused by my funds being low, 
DC, Credit reporting, 201656, Incorrect information on credit report, 
DC, Bank account or service, 200874, Deposits and withdrawals, 
DC, Bank account or service, 199384, Deposits and withdrawals, 
DC, Credit card, 199171, Billing disputes, 
DC, Credit card, 198207, Credit line increase/decrease, 
DC, Mortgage, 197754, Credit decision / Underwriting, 
DC, Credit reporting, 197161, Incorrect information on credit report, 
DC, Credit reporting, 196753, Incorrect information on credit report, 
DC, Credit card, 197728, Closing/Cancelling account, 
DC, Credit card, 195545, APR or interest rate, 
DC, Mortgage, 195223, Settlement process and costs, 
DC, Mortgage, 195313, Credit decision / Underwriting, 
DC, Credit card, 195064, Billing disputes, 
DC, Credit reporting, 193582, Incorrect information on credit report, 
DC, Credit card, 192371, Credit reporting, 
DC, Credit reporting, 191452, Incorrect information on credit report, 
DC, Credit reporting, 191453, Incorrect information on credit report, 
DC, Credit card, 190013, Closing/Cancelling account, 
DC, Bank account or service, 190483, Deposits and withdrawals, 
DC, Credit reporting, 190556, Credit reporting company's investigation, 
DC, Credit reporting, 188366, Incorrect information on credit report, 
DC, Student loan, 188419, Problems when you are unable to pay, 
DC, Bank account or service, 188023, Deposits and withdrawals, 
DC, Consumer loan, 186109, Managing the line of credit, 
DC, Credit reporting, 186321, Incorrect information on credit report, 
DC, Credit reporting, 185144, Unable to get credit report/credit score, 
DC, Credit reporting, 183931, Incorrect information on credit report, 
DC, Credit card, 184436, Other, 
DC, Credit card, 183016, Rewards, 
DC, Credit reporting, 181561, Incorrect information on credit report, 
DC, Credit reporting, 181560, Incorrect information on credit report, 
DC, Credit card, 181559, Credit reporting, 
DC, Credit card, 182131, Billing disputes, 
DC, Credit card, 179332, Billing statement, 
DC, Credit reporting, 179061, Incorrect information on credit report, 
DC, Credit reporting, 179062, Incorrect information on credit report, 
DC, Credit reporting, 179068, Incorrect information on credit report, 
DC, Consumer loan, 178192, Managing the loan or lease, 
DC, Credit reporting, 176904, Incorrect information on credit report, 
DC, Credit reporting, 176230, Incorrect information on credit report, 
DC, Bank account or service, 174028, Using a debit or ATM card, 
DC, Credit card, 173779, Payoff process, 
DC, Bank account or service, 172967, Deposits and withdrawals, 
DC, Student loan, 171947, Getting a loan, 
DC, Student loan, 172809, Repaying your loan, 
DC, Bank account or service, 171689, Deposits and withdrawals, 
DC, Credit card, 171171, Collection practices, 
DC, Consumer loan, 169953, Taking out the loan or lease, 
DC, Student loan, 169936, Repaying your loan, 
DC, Student loan, 167318, Repaying your loan, 
DC, Credit card, 168018, Billing disputes, 
DC, Credit card, 167254, Credit reporting, 
DC, Credit card, 166781, Identity theft / Fraud / Embezzlement, 
DC, Credit card, 165484, Collection practices, 
DC, Credit card, 166022, Other, 
DC, Mortgage, 161496, Settlement process and costs, 
DC, Credit card, 163803, Billing disputes, 
DC, Bank account or service, 161086, Using a debit or ATM card, 
DC, Consumer loan, 159959, Account terms and changes, 
DC, Bank account or service, 160174, Problems caused by my funds being low, 
DC, Bank account or service, 158908, Using a debit or ATM card, 
DC, Student loan, 158753, Repaying your loan, 
DC, Bank account or service, 157639, Problems caused by my funds being low, 
DC, Bank account or service, 156791, Problems caused by my funds being low, 
DC, Mortgage, 155584, Credit decision / Underwriting, 
DC, Credit card, 154327, Transaction issue, 
DC, Student loan, 153463, Repaying your loan, 
DC, Student loan, 153229, Repaying your loan, 
DC, Credit card, 149996, Credit reporting, 
DC, Bank account or service, 150608, Using a debit or ATM card, 
DC, Mortgage, 149935, Settlement process and costs, 
DC, Student loan, 148871, Repaying your loan, 
DC, Bank account or service, 148225, Deposits and withdrawals, 
DC, Student loan, 148538, Problems when you are unable to pay, 
DC, Student loan, 148673, Repaying your loan, 
DC, Credit card, 145709, Identity theft / Fraud / Embezzlement, 
DC, Bank account or service, 144467, Deposits and withdrawals, 
DC, Bank account or service, 142477, Deposits and withdrawals, 
DC, Credit card, 136344, Payoff process, 
DC, Mortgage, 133971, Credit decision / Underwriting, 
DC, Credit card, 134135, APR or interest rate, 
DC, Bank account or service, 132097, Deposits and withdrawals, 
DC, Credit card, 131786, Transaction issue, 
DC, Student loan, 131661, Repaying your loan, 
DC, Credit card, 131734, Rewards, 
DC, Consumer loan, 130651, Managing the loan or lease, 
DC, Credit card, 130587, Rewards, 
DC, Credit card, 130746, Other fee, 
DC, Credit card, 130020, APR or interest rate, 
DC, Credit card, 130021, Credit card protection / Debt protection, 
DC, Student loan, 128612, Repaying your loan, 
DC, Credit card, 124823, Identity theft / Fraud / Embezzlement, 
DC, Consumer loan, 125006, Managing the loan or lease, 
DC, Credit card, 123724, Other fee, 
DC, Student loan, 122277, Problems when you are unable to pay, 
DC, Credit card, 122292, Credit determination, 
DC, Bank account or service, 121490, Deposits and withdrawals, 
DC, Bank account or service, 118076, Deposits and withdrawals, 
DC, Bank account or service, 117449, Deposits and withdrawals, 
DC, Bank account or service, 114027, Deposits and withdrawals, 
DC, Credit card, 113527, Delinquent account, 
DC, Bank account or service, 112399, Deposits and withdrawals, 
DC, Consumer loan, 113076, Shopping for a loan or lease, 
DC, Credit card, 110698, Collection practices, 
DC, Credit card, 108934, Collection practices, 
DC, Bank account or service, 106344, Deposits and withdrawals, 
DC, Consumer loan, 104819, Managing the loan or lease, 
DC, Bank account or service, 105248, Problems caused by my funds being low, 
DC, Credit card, 104108, Credit reporting, 
DC, Credit card, 104234, Billing disputes, 
DC, Bank account or service, 103583, Problems caused by my funds being low, 
DC, Credit card, 101931, Closing/Cancelling account, 
DC, Student loan, 102459, Repaying your loan, 
DC, Student loan, 102605, Repaying your loan, 
DC, Credit card, 101430, Billing statement, 
DC, Bank account or service, 97985, Deposits and withdrawals, 
DC, Student loan, 99777, Problems when you are unable to pay, 
DC, Credit card, 97971, Billing statement, 
DC, Credit card, 96177, Rewards, 
DC, Bank account or service, 93153, Problems caused by my funds being low, 
DC, Consumer loan, 90739, Managing the line of credit, 
DC, Credit card, 87762, Balance transfer, 
DC, Credit card, 86990, APR or interest rate, 
DC, Credit card, 87053, Other fee, 
DC, Credit card, 60610, Late fee, 
DC, Credit card, 85092, Credit determination, 
DC, Student loan, 83783, Repaying your loan, 
DC, Credit card, 81246, Other fee, 
DC, Credit card, 80309, Other fee, 
DC, Bank account or service, 75648, Deposits and withdrawals, 
DC, Bank account or service, 3701, Deposits and withdrawals, 
DC, Credit card, 73681, Closing/Cancelling account, 
DC, Credit card, 72085, Credit line increase/decrease, 
DC, Bank account or service, 68522, Problems caused by my funds being low, 
DC, Bank account or service, 67405, Deposits and withdrawals, 
DC, Credit card, 27183, Collection practices, 
DC, Credit card, 63617, Late fee, 
DC, Credit card, 61682, Sale of account, 
DC, Credit card, 62743, Other fee, 
DC, Mortgage, 60138, Credit decision / Underwriting, 
DC, Bank account or service, 59388, Deposits and withdrawals, 
DC, Credit card, 75754, Collection practices, 
DC, Credit card, 58071, Unsolicited issuance of credit card, 
DC, Bank account or service, 57432, Deposits and withdrawals, 
DC, Student loan, 44562, Repaying your loan, 
DC, Bank account or service, 36653, Problems caused by my funds being low, 
DC, Student loan, 43222, Repaying your loan, 
DC, Bank account or service, 43109, Problems caused by my funds being low, 
DC, Bank account or service, 39213, Using a debit or ATM card, 
DC, Bank account or service, 37305, Deposits and withdrawals, 
DC, Credit card, 37413, Identity theft / Fraud / Embezzlement, 
DC, Bank account or service, 36969, Deposits and withdrawals, 
DC, Credit card, 36463, Other, 
DC, Bank account or service, 36240, Deposits and withdrawals, 
DC, Student loan, 35450, Repaying your loan, 
DC, Consumer loan, 10794, Shopping for a line of credit, 
DC, Credit card, 27886, Application processing delay, 
DC, Mortgage, 32888, Credit decision / Underwriting, 
DC, Bank account or service, 32132, Problems caused by my funds being low, 
DC, Credit card, 32318, Privacy, 
DC, Student loan, 31291, Repaying your loan, 
DC, Bank account or service, 10791, Problems caused by my funds being low, 
DC, Credit card, 10793, Credit determination, 
DC, Student loan, 30498, Repaying your loan, 
DC, Student loan, 29782, Repaying your loan, 
DC, Credit card, 28673, Credit card protection / Debt protection, 
DC, Credit card, 27885, Credit determination, 
DC, Credit card, 26072, Identity theft / Fraud / Embezzlement, 
DC, Credit card, 23865, Rewards, 
DC, Credit card, 22736, Other, 
DC, Credit card, 22095, Advertising and marketing, 
DC, Credit card, 23661, Identity theft / Fraud / Embezzlement, 
DC, Credit card, 21439, Credit card protection / Debt protection, 
DC, Credit card, 20446, Rewards, 
DC, Mortgage, 20799, Settlement process and costs, 
DC, Credit card, 19677, Billing disputes, 
DC, Credit card, 21311, Billing disputes, 
DC, Credit card, 18787, Other fee, 
DC, Credit card, 17915, Unsolicited issuance of credit card, 
DC, Mortgage, 15758, Settlement process and costs, 
DC, Credit card, 15377, Closing/Cancelling account, 
DC, Credit card, 7895, Closing/Cancelling account, 
DC, Credit card, 12797, Credit card protection / Debt protection, 
DC, Credit card, 11228, Payoff process, 
DC, Credit card, 10346, Credit reporting, 
DC, Credit card, 9715, APR or interest rate, 
DC, Mortgage, 9724, Settlement process and costs, 
DC, Credit card, 9837, Closing/Cancelling account, 
DC, Credit card, 9124, Billing statement, 
DC, Credit card, 9410, Billing statement, 
DC, Credit card, 6455, Advertising and marketing, 
DC, Mortgage, 5958, Credit decision / Underwriting, 
DC, Credit card, 5189, Billing disputes, 
DC, Credit card, 5184, Transaction issue, 
DC, Credit card, 4658, Advertising and marketing, 
DC, Credit card, 3479, Late fee, 
DC, Credit card, 3389, Billing disputes, 
