OK, Debt collection, 1111633, Communication tactics, 
OK, Debt collection, 1110491, Cont'd attempts collect debt not owed, 
OK, Debt collection, 1103594, Cont'd attempts collect debt not owed, 
OK, Money transfers, 1106652, Fraud or scam, 
OK, Credit reporting, 1099474, Incorrect information on credit report, 
OK, Credit reporting, 1099476, Incorrect information on credit report, 
OK, Debt collection, 1098298, Cont'd attempts collect debt not owed, 
OK, Debt collection, 1095172, Taking/threatening an illegal action, 
OK, Credit reporting, 1093968, Incorrect information on credit report, 
OK, Debt collection, 1091472, Communication tactics, 
OK, Debt collection, 1091502, Cont'd attempts collect debt not owed, 
OK, Student loan, 1091278, Dealing with my lender or servicer, 
OK, Bank account or service, 1087569, Problems caused by my funds being low, 
OK, Debt collection, 1090493, False statements or representation, 
OK, Debt collection, 1089524, Disclosure verification of debt, 
OK, Credit reporting, 1089473, Unable to get credit report/credit score, 
OK, Debt collection, 1089522, False statements or representation, 
OK, Debt collection, 1087010, Disclosure verification of debt, 
OK, Bank account or service, 1085889, Deposits and withdrawals, 
OK, Debt collection, 1085819, Taking/threatening an illegal action, 
OK, Credit reporting, 1084976, Incorrect information on credit report, 
OK, Credit reporting, 1084975, Incorrect information on credit report, 
OK, Credit reporting, 1084974, Incorrect information on credit report, 
OK, Credit reporting, 1084219, Incorrect information on credit report, 
OK, Credit reporting, 1083351, Incorrect information on credit report, 
OK, Debt collection, 1080653, False statements or representation, 
OK, Consumer loan, 1080825, Taking out the loan or lease, 
OK, Debt collection, 1080652, False statements or representation, 
OK, Consumer loan, 1078662, Taking out the loan or lease, 
OK, Credit card, 1077695, Credit card protection / Debt protection, 
OK, Debt collection, 1078393, Cont'd attempts collect debt not owed, 
OK, Debt collection, 1077148, Cont'd attempts collect debt not owed, 
OK, Credit card, 1077150, Delinquent account, 
OK, Debt collection, 1077147, Cont'd attempts collect debt not owed, 
OK, Debt collection, 1076671, Communication tactics, 
OK, Payday loan, 1076894, Charged fees or interest I didn't expect, 
OK, Credit reporting, 1076038, Unable to get credit report/credit score, 
OK, Credit card, 1075541, Payoff process, 
OK, Payday loan, 1076738, Payment to acct not credited, 
OK, Consumer loan, 1073670, Problems when you are unable to pay, 
OK, Debt collection, 1074141, Cont'd attempts collect debt not owed, 
OK, Debt collection, 1075048, Improper contact or sharing of info, 
OK, Credit reporting, 1072149, Incorrect information on credit report, 
OK, Credit reporting, 1072147, Incorrect information on credit report, 
OK, Credit reporting, 1072148, Incorrect information on credit report, 
OK, Credit reporting, 1069198, Incorrect information on credit report, 
OK, Debt collection, 1068812, False statements or representation, 
OK, Debt collection, 1066693, Improper contact or sharing of info, 
OK, Credit reporting, 1066813, Credit reporting company's investigation, 
OK, Bank account or service, 1066393, Problems caused by my funds being low, 
OK, Consumer loan, 1064021, Problems when you are unable to pay, 
OK, Debt collection, 1058794, Disclosure verification of debt, 
OK, Debt collection, 1059011, Disclosure verification of debt, 
OK, Debt collection, 1058877, Taking/threatening an illegal action, 
OK, Credit reporting, 1058351, Incorrect information on credit report, 
OK, Credit reporting, 1056898, Unable to get credit report/credit score, 
OK, Bank account or service, 1057091, Deposits and withdrawals, 
OK, Debt collection, 1057639, Cont'd attempts collect debt not owed, 
OK, Payday loan, 1057735, Charged fees or interest I didn't expect, 
OK, Debt collection, 1056452, Cont'd attempts collect debt not owed, 
OK, Consumer loan, 1055152, Problems when you are unable to pay, 
OK, Consumer loan, 1053408, Taking out the loan or lease, 
OK, Consumer loan, 1053956, Managing the line of credit, 
OK, Credit reporting, 1052525, Credit reporting company's investigation, 
OK, Credit reporting, 1050891, Incorrect information on credit report, 
OK, Debt collection, 1051876, Taking/threatening an illegal action, 
OK, Debt collection, 1051906, Communication tactics, 
OK, Consumer loan, 1052599, Managing the loan or lease, 
OK, Debt collection, 1052696, Communication tactics, 
OK, Credit reporting, 1050742, Incorrect information on credit report, 
OK, Debt collection, 1048293, Improper contact or sharing of info, 
OK, Debt collection, 1046595, Communication tactics, 
OK, Debt collection, 1046416, Improper contact or sharing of info, 
OK, Bank account or service, 1045733, Deposits and withdrawals, 
OK, Credit reporting, 1044323, Incorrect information on credit report, 
OK, Debt collection, 1038332, Cont'd attempts collect debt not owed, 
OK, Credit card, 1038993, Closing/Cancelling account, 
OK, Consumer loan, 1039973, Managing the loan or lease, 
OK, Credit card, 1038023, Closing/Cancelling account, 
OK, Credit card, 1037954, Billing disputes, 
OK, Debt collection, 1036515, Improper contact or sharing of info, 
OK, Debt collection, 1037256, Communication tactics, 
OK, Debt collection, 1037255, Communication tactics, 
OK, Debt collection, 1033959, Improper contact or sharing of info, 
OK, Consumer loan, 1034170, Managing the loan or lease, 
OK, Credit reporting, 1032395, Credit reporting company's investigation, 
OK, Debt collection, 1030817, Communication tactics, 
OK, Payday loan, 1032112, Can't contact lender, 
OK, Consumer loan, 1028233, Problems when you are unable to pay, 
OK, Credit reporting, 1028897, Incorrect information on credit report, 
OK, Credit reporting, 1029169, Incorrect information on credit report, 
OK, Payday loan, 1029246, Charged fees or interest I didn't expect, 
OK, Credit reporting, 1027930, Unable to get credit report/credit score, 
OK, Credit reporting, 1027769, Unable to get credit report/credit score, 
OK, Debt collection, 1026289, Disclosure verification of debt, 
OK, Debt collection, 1026290, Disclosure verification of debt, 
OK, Consumer loan, 1025105, Taking out the loan or lease, 
OK, Credit card, 1022472, Other fee, 
OK, Credit reporting, 1020319, Incorrect information on credit report, 
OK, Debt collection, 1021344, Communication tactics, 
OK, Credit reporting, 1021372, Credit reporting company's investigation, 
OK, Consumer loan, 1021408, Problems when you are unable to pay, 
OK, Credit card, 1020871, Payoff process, 
OK, Debt collection, 1021318, Cont'd attempts collect debt not owed, 
OK, Credit card, 1019931, Billing disputes, 
OK, Debt collection, 1018273, Communication tactics, 
OK, Debt collection, 1017429, Cont'd attempts collect debt not owed, 
OK, Debt collection, 1013852, Communication tactics, 
OK, Debt collection, 1014611, Disclosure verification of debt, 
OK, Credit card, 1014817, Customer service / Customer relations, 
OK, Debt collection, 1014907, Improper contact or sharing of info, 
OK, Debt collection, 1011797, Cont'd attempts collect debt not owed, 
OK, Credit card, 1012813, Transaction issue, 
OK, Debt collection, 1010835, Cont'd attempts collect debt not owed, 
OK, Consumer loan, 1009172, Managing the loan or lease, 
OK, Mortgage, 1009123, Settlement process and costs, 
OK, Debt collection, 1008810, Cont'd attempts collect debt not owed, 
OK, Credit reporting, 1007270, Incorrect information on credit report, 
OK, Consumer loan, 1007814, Managing the loan or lease, 
OK, Debt collection, 1004659, Cont'd attempts collect debt not owed, 
OK, Student loan, 1003719, Dealing with my lender or servicer, 
OK, Student loan, 1002631, Dealing with my lender or servicer, 
OK, Consumer loan, 1001337, Problems when you are unable to pay, 
OK, Debt collection, 1003414, Cont'd attempts collect debt not owed, 
OK, Debt collection, 1001278, Cont'd attempts collect debt not owed, 
OK, Credit reporting, 999073, Incorrect information on credit report, 
OK, Credit card, 997015, Delinquent account, 
OK, Credit reporting, 997238, Incorrect information on credit report, 
OK, Debt collection, 996405, Cont'd attempts collect debt not owed, 
OK, Debt collection, 994837, Communication tactics, 
OK, Credit reporting, 995228, Incorrect information on credit report, 
OK, Debt collection, 995379, Disclosure verification of debt, 
OK, Credit card, 993777, Payoff process, 
OK, Debt collection, 993794, Taking/threatening an illegal action, 
OK, Debt collection, 993793, Taking/threatening an illegal action, 
OK, Bank account or service, 992277, Problems caused by my funds being low, 
OK, Payday loan, 992997, Charged fees or interest I didn't expect, 
OK, Consumer loan, 988906, Managing the loan or lease, 
OK, Credit card, 989487, Billing disputes, 
OK, Credit card, 987677, APR or interest rate, 
OK, Debt collection, 987673, Disclosure verification of debt, 
OK, Debt collection, 987674, Disclosure verification of debt, 
OK, Debt collection, 986455, Disclosure verification of debt, 
OK, Debt collection, 986055, Cont'd attempts collect debt not owed, 
OK, Debt collection, 986034, Cont'd attempts collect debt not owed, 
OK, Debt collection, 982800, Cont'd attempts collect debt not owed, 
OK, Debt collection, 980740, Cont'd attempts collect debt not owed, 
OK, Debt collection, 980085, Cont'd attempts collect debt not owed, 
OK, Debt collection, 978205, Communication tactics, 
OK, Student loan, 977609, Dealing with my lender or servicer, 
OK, Debt collection, 978866, Disclosure verification of debt, 
OK, Debt collection, 977127, Cont'd attempts collect debt not owed, 
OK, Credit reporting, 972946, Credit reporting company's investigation, 
OK, Debt collection, 972207, Cont'd attempts collect debt not owed, 
OK, Credit reporting, 970804, Incorrect information on credit report, 
OK, Credit reporting, 970803, Incorrect information on credit report, 
OK, Credit reporting, 970805, Incorrect information on credit report, 
OK, Debt collection, 971622, Taking/threatening an illegal action, 
OK, Debt collection, 972046, Cont'd attempts collect debt not owed, 
OK, Money transfers, 969008, Money was not available when promised, 
OK, Debt collection, 967699, Cont'd attempts collect debt not owed, 
OK, Credit card, 966300, Other, 
OK, Bank account or service, 964619, Deposits and withdrawals, 
OK, Debt collection, 964642, Cont'd attempts collect debt not owed, 
OK, Student loan, 963366, Can't repay my loan, 
OK, Debt collection, 963642, False statements or representation, 
OK, Credit card, 959996, Credit determination, 
OK, Debt collection, 958957, Disclosure verification of debt, 
OK, Debt collection, 958955, Disclosure verification of debt, 
OK, Mortgage, 958980, Credit decision / Underwriting, 
OK, Credit card, 956389, Customer service / Customer relations, 
OK, Payday loan, 955428, Charged fees or interest I didn't expect, 
OK, Student loan, 955590, Dealing with my lender or servicer, 
OK, Credit reporting, 955893, Incorrect information on credit report, 
OK, Credit reporting, 955895, Incorrect information on credit report, 
OK, Credit reporting, 955894, Incorrect information on credit report, 
OK, Credit reporting, 955408, Credit reporting company's investigation, 
OK, Debt collection, 953527, Disclosure verification of debt, 
OK, Payday loan, 955660, Can't contact lender, 
OK, Debt collection, 954184, False statements or representation, 
OK, Debt collection, 951292, Taking/threatening an illegal action, 
OK, Credit reporting, 951293, Incorrect information on credit report, 
OK, Credit card, 953010, Other, 
OK, Credit reporting, 953736, Incorrect information on credit report, 
OK, Bank account or service, 949548, Problems caused by my funds being low, 
OK, Debt collection, 950280, Communication tactics, 
OK, Debt collection, 947322, Communication tactics, 
OK, Mortgage, 949303, Credit decision / Underwriting, 
OK, Debt collection, 946566, Cont'd attempts collect debt not owed, 
OK, Debt collection, 946487, Cont'd attempts collect debt not owed, 
OK, Bank account or service, 945745, Deposits and withdrawals, 
OK, Debt collection, 946793, Disclosure verification of debt, 
OK, Debt collection, 943068, Cont'd attempts collect debt not owed, 
OK, Credit card, 944280, Closing/Cancelling account, 
OK, Student loan, 941700, Dealing with my lender or servicer, 
OK, Debt collection, 942537, Communication tactics, 
OK, Debt collection, 941567, Communication tactics, 
OK, Mortgage, 941811, Settlement process and costs, 
OK, Student loan, 939518, Dealing with my lender or servicer, 
OK, Credit reporting, 940074, Incorrect information on credit report, 
OK, Bank account or service, 937006, Using a debit or ATM card, 
OK, Bank account or service, 938924, Deposits and withdrawals, 
OK, Credit reporting, 939038, Credit reporting company's investigation, 
OK, Credit card, 936850, Identity theft / Fraud / Embezzlement, 
OK, Mortgage, 937608, Settlement process and costs, 
OK, Debt collection, 937739, Cont'd attempts collect debt not owed, 
OK, Credit reporting, 937720, Incorrect information on credit report, 
OK, Debt collection, 938341, Taking/threatening an illegal action, 
OK, Credit reporting, 936851, Incorrect information on credit report, 
OK, Debt collection, 935504, Cont'd attempts collect debt not owed, 
OK, Debt collection, 935505, Cont'd attempts collect debt not owed, 
OK, Credit card, 936527, Credit line increase/decrease, 
OK, Consumer loan, 936927, Problems when you are unable to pay, 
OK, Debt collection, 934532, Taking/threatening an illegal action, 
OK, Credit reporting, 933465, Incorrect information on credit report, 
OK, Credit reporting, 931062, Incorrect information on credit report, 
OK, Credit card, 931623, Credit card protection / Debt protection, 
OK, Credit card, 929132, Identity theft / Fraud / Embezzlement, 
OK, Bank account or service, 930259, Deposits and withdrawals, 
OK, Debt collection, 929166, Communication tactics, 
OK, Consumer loan, 929614, Managing the loan or lease, 
OK, Debt collection, 928489, Cont'd attempts collect debt not owed, 
OK, Debt collection, 925173, Cont'd attempts collect debt not owed, 
OK, Debt collection, 925268, Communication tactics, 
OK, Debt collection, 926189, Cont'd attempts collect debt not owed, 
OK, Mortgage, 924180, Settlement process and costs, 
OK, Credit reporting, 924189, Unable to get credit report/credit score, 
OK, Credit reporting, 924248, Incorrect information on credit report, 
OK, Credit reporting, 923681, Incorrect information on credit report, 
OK, Credit card, 922126, Other, 
OK, Student loan, 921358, Can't repay my loan, 
OK, Mortgage, 922569, Credit decision / Underwriting, 
OK, Credit reporting, 920415, Unable to get credit report/credit score, 
OK, Bank account or service, 921237, Deposits and withdrawals, 
OK, Credit reporting, 920417, Incorrect information on credit report, 
OK, Credit reporting, 920416, Incorrect information on credit report, 
OK, Credit card, 919182, Transaction issue, 
OK, Credit reporting, 920100, Incorrect information on credit report, 
OK, Credit reporting, 920101, Incorrect information on credit report, 
OK, Credit reporting, 920756, Incorrect information on credit report, 
OK, Credit reporting, 920757, Incorrect information on credit report, 
OK, Credit reporting, 920758, Incorrect information on credit report, 
OK, Debt collection, 916308, Taking/threatening an illegal action, 
OK, Payday loan, 916173, Charged fees or interest I didn't expect, 
OK, Credit card, 914163, Other, 
OK, Credit reporting, 914629, Incorrect information on credit report, 
OK, Credit reporting, 914665, Improper use of my credit report, 
OK, Consumer loan, 915091, Managing the loan or lease, 
OK, Money transfers, 915663, Money was not available when promised, 
OK, Credit card, 913603, Other, 
OK, Credit reporting, 913752, Incorrect information on credit report, 
OK, Mortgage, 912221, Settlement process and costs, 
OK, Credit reporting, 911089, Incorrect information on credit report, 
OK, Debt collection, 911090, Disclosure verification of debt, 
OK, Consumer loan, 911093, Managing the loan or lease, 
OK, Credit reporting, 911099, Incorrect information on credit report, 
OK, Credit reporting, 911095, Incorrect information on credit report, 
OK, Bank account or service, 911132, Problems caused by my funds being low, 
OK, Credit reporting, 909258, Incorrect information on credit report, 
OK, Consumer loan, 908643, Problems when you are unable to pay, 
OK, Consumer loan, 906327, Problems when you are unable to pay, 
OK, Bank account or service, 905401, Problems caused by my funds being low, 
OK, Debt collection, 905416, Taking/threatening an illegal action, 
OK, Student loan, 905556, Dealing with my lender or servicer, 
OK, Credit reporting, 904750, Incorrect information on credit report, 
OK, Debt collection, 903005, Cont'd attempts collect debt not owed, 
OK, Debt collection, 900491, Disclosure verification of debt, 
OK, Student loan, 900232, Getting a loan, 
OK, Credit reporting, 899691, Incorrect information on credit report, 
OK, Debt collection, 898910, Cont'd attempts collect debt not owed, 
OK, Debt collection, 896394, Improper contact or sharing of info, 
OK, Credit card, 897034, Billing disputes, 
OK, Money transfers, 895432, Money was not available when promised, 
OK, Debt collection, 894823, Cont'd attempts collect debt not owed, 
OK, Debt collection, 894859, Cont'd attempts collect debt not owed, 
OK, Debt collection, 895287, Cont'd attempts collect debt not owed, 
OK, Debt collection, 893966, Cont'd attempts collect debt not owed, 
OK, Debt collection, 894350, Communication tactics, 
OK, Debt collection, 891819, Disclosure verification of debt, 
OK, Debt collection, 891818, Disclosure verification of debt, 
OK, Debt collection, 892559, Disclosure verification of debt, 
OK, Debt collection, 891337, Cont'd attempts collect debt not owed, 
OK, Debt collection, 889586, Cont'd attempts collect debt not owed, 
OK, Credit reporting, 890823, Credit reporting company's investigation, 
OK, Debt collection, 890022, Cont'd attempts collect debt not owed, 
OK, Credit reporting, 887449, Credit reporting company's investigation, 
OK, Debt collection, 887790, Cont'd attempts collect debt not owed, 
OK, Debt collection, 886917, Communication tactics, 
OK, Student loan, 889615, Dealing with my lender or servicer, 
OK, Debt collection, 887764, Cont'd attempts collect debt not owed, 
OK, Credit reporting, 885589, Incorrect information on credit report, 
OK, Debt collection, 885578, Communication tactics, 
OK, Debt collection, 883904, Communication tactics, 
OK, Credit card, 884251, Credit determination, 
OK, Credit card, 883625, Other, 
OK, Debt collection, 882609, Taking/threatening an illegal action, 
OK, Bank account or service, 882926, Using a debit or ATM card, 
OK, Debt collection, 883018, Taking/threatening an illegal action, 
OK, Credit reporting, 881948, Incorrect information on credit report, 
OK, Credit reporting, 880241, Credit reporting company's investigation, 
OK, Money transfers, 880041, Fraud or scam, 
OK, Debt collection, 879071, Cont'd attempts collect debt not owed, 
OK, Debt collection, 877369, Cont'd attempts collect debt not owed, 
OK, Credit card, 875878, Billing statement, 
OK, Credit card, 875972, Rewards, 
OK, Credit card, 874889, Credit card protection / Debt protection, 
OK, Debt collection, 872812, Cont'd attempts collect debt not owed, 
OK, Credit reporting, 871756, Incorrect information on credit report, 
OK, Student loan, 872144, Dealing with my lender or servicer, 
OK, Consumer loan, 870843, Managing the loan or lease, 
OK, Debt collection, 870126, Communication tactics, 
OK, Credit card, 868382, Late fee, 
OK, Student loan, 868617, Can't repay my loan, 
OK, Credit reporting, 868822, Incorrect information on credit report, 
OK, Debt collection, 868866, Communication tactics, 
OK, Debt collection, 867936, Disclosure verification of debt, 
OK, Debt collection, 867938, Disclosure verification of debt, 
OK, Credit reporting, 866040, Incorrect information on credit report, 
OK, Credit card, 862285, Credit determination, 
OK, Money transfers, 863309, Fraud or scam, 
OK, Debt collection, 860195, Taking/threatening an illegal action, 
OK, Debt collection, 861735, Disclosure verification of debt, 
OK, Credit reporting, 861981, Incorrect information on credit report, 
OK, Debt collection, 857716, Communication tactics, 
OK, Debt collection, 857184, Communication tactics, 
OK, Consumer loan, 853955, Managing the loan or lease, 
OK, Credit card, 851395, Closing/Cancelling account, 
OK, Money transfers, 852089, Other service issues, 
OK, Credit card, 851227, Identity theft / Fraud / Embezzlement, 
OK, Debt collection, 850728, Cont'd attempts collect debt not owed, 
OK, Credit reporting, 847131, Credit reporting company's investigation, 
OK, Debt collection, 847662, Communication tactics, 
OK, Credit reporting, 849247, Incorrect information on credit report, 
OK, Credit card, 846671, Transaction issue, 
OK, Money transfers, 846702, Money was not available when promised, 
OK, Credit card, 846706, Credit card protection / Debt protection, 
OK, Mortgage, 845637, Other, 
OK, Money transfers, 843039, Other service issues, 
OK, Credit reporting, 843628, Improper use of my credit report, 
OK, Consumer loan, 844153, Taking out the loan or lease, 
OK, Debt collection, 844229, Cont'd attempts collect debt not owed, 
OK, Credit card, 844524, Closing/Cancelling account, 
OK, Debt collection, 839722, Improper contact or sharing of info, 
OK, Credit reporting, 839867, Incorrect information on credit report, 
OK, Credit reporting, 840541, Incorrect information on credit report, 
OK, Debt collection, 840736, False statements or representation, 
OK, Credit reporting, 837665, Credit reporting company's investigation, 
OK, Money transfers, 836750, Fraud or scam, 
OK, Debt collection, 834622, Improper contact or sharing of info, 
OK, Debt collection, 831784, Communication tactics, 
OK, Debt collection, 832451, Improper contact or sharing of info, 
OK, Debt collection, 832688, Communication tactics, 
OK, Debt collection, 830609, Communication tactics, 
OK, Payday loan, 829419, Charged fees or interest I didn't expect, 
OK, Debt collection, 828834, Communication tactics, 
OK, Bank account or service, 828037, Deposits and withdrawals, 
OK, Credit reporting, 820485, Unable to get credit report/credit score, 
OK, Credit card, 826708, Closing/Cancelling account, 
OK, Debt collection, 825396, Communication tactics, 
OK, Credit reporting, 825410, Incorrect information on credit report, 
OK, Student loan, 825555, Dealing with my lender or servicer, 
OK, Credit reporting, 823886, Incorrect information on credit report, 
OK, Mortgage, 824742, Settlement process and costs, 
OK, Credit reporting, 821669, Incorrect information on credit report, 
OK, Debt collection, 822420, Improper contact or sharing of info, 
OK, Credit card, 821112, Billing statement, 
OK, Debt collection, 821457, Communication tactics, 
OK, Credit card, 819422, Billing disputes, 
OK, Debt collection, 816499, Disclosure verification of debt, 
OK, Credit reporting, 813055, Incorrect information on credit report, 
OK, Credit reporting, 813907, Incorrect information on credit report, 
OK, Debt collection, 812926, Disclosure verification of debt, 
OK, Credit reporting, 810602, Incorrect information on credit report, 
OK, Credit reporting, 810601, Incorrect information on credit report, 
OK, Credit reporting, 810704, Incorrect information on credit report, 
OK, Credit reporting, 811855, Incorrect information on credit report, 
OK, Credit card, 812108, Rewards, 
OK, Credit reporting, 808600, Incorrect information on credit report, 
OK, Mortgage, 808766, Credit decision / Underwriting, 
OK, Debt collection, 809613, Cont'd attempts collect debt not owed, 
OK, Credit reporting, 809877, Incorrect information on credit report, 
OK, Debt collection, 807948, False statements or representation, 
OK, Credit reporting, 807596, Incorrect information on credit report, 
OK, Credit reporting, 807595, Incorrect information on credit report, 
OK, Credit reporting, 807594, Incorrect information on credit report, 
OK, Credit reporting, 807875, Credit monitoring or identity protection, 
OK, Credit reporting, 805064, Unable to get credit report/credit score, 
OK, Debt collection, 803292, Improper contact or sharing of info, 
OK, Credit card, 803746, Credit determination, 
OK, Debt collection, 804473, Improper contact or sharing of info, 
OK, Credit reporting, 802788, Incorrect information on credit report, 
OK, Credit reporting, 801355, Incorrect information on credit report, 
OK, Debt collection, 798531, Communication tactics, 
OK, Debt collection, 798728, Taking/threatening an illegal action, 
OK, Credit card, 795812, Credit determination, 
OK, Debt collection, 796018, Communication tactics, 
OK, Credit reporting, 793409, Incorrect information on credit report, 
OK, Consumer loan, 793928, Managing the loan or lease, 
OK, Debt collection, 793981, Cont'd attempts collect debt not owed, 
OK, Credit reporting, 794582, Unable to get credit report/credit score, 
OK, Debt collection, 794616, Cont'd attempts collect debt not owed, 
OK, Bank account or service, 794748, Using a debit or ATM card, 
OK, Debt collection, 792072, Cont'd attempts collect debt not owed, 
OK, Consumer loan, 792657, Taking out the loan or lease, 
OK, Payday loan, 789863, Can't contact lender, 
OK, Debt collection, 790239, Communication tactics, 
OK, Credit reporting, 791290, Improper use of my credit report, 
OK, Credit reporting, 791289, Improper use of my credit report, 
OK, Debt collection, 788409, Cont'd attempts collect debt not owed, 
OK, Debt collection, 788407, Cont'd attempts collect debt not owed, 
OK, Credit reporting, 788918, Credit monitoring or identity protection, 
OK, Student loan, 785930, Can't repay my loan, 
OK, Credit reporting, 786504, Incorrect information on credit report, 
OK, Credit reporting, 786696, Incorrect information on credit report, 
OK, Credit reporting, 786698, Incorrect information on credit report, 
OK, Credit reporting, 786697, Incorrect information on credit report, 
OK, Credit card, 785025, Cash advance fee, 
OK, Consumer loan, 784673, Managing the loan or lease, 
OK, Debt collection, 784141, Communication tactics, 
OK, Credit card, 784626, Payoff process, 
OK, Credit reporting, 783104, Incorrect information on credit report, 
OK, Debt collection, 781718, Cont'd attempts collect debt not owed, 
OK, Student loan, 782802, Can't repay my loan, 
OK, Debt collection, 780929, Cont'd attempts collect debt not owed, 
OK, Debt collection, 779200, Improper contact or sharing of info, 
OK, Debt collection, 780636, Cont'd attempts collect debt not owed, 
OK, Debt collection, 780637, Cont'd attempts collect debt not owed, 
OK, Debt collection, 777104, Communication tactics, 
OK, Debt collection, 778290, Improper contact or sharing of info, 
OK, Credit reporting, 776500, Credit monitoring or identity protection, 
OK, Debt collection, 776565, Cont'd attempts collect debt not owed, 
OK, Debt collection, 776564, Cont'd attempts collect debt not owed, 
OK, Credit reporting, 776577, Incorrect information on credit report, 
OK, Credit reporting, 773717, Incorrect information on credit report, 
OK, Mortgage, 773742, Settlement process and costs, 
OK, Debt collection, 773865, Communication tactics, 
OK, Credit reporting, 773223, Incorrect information on credit report, 
OK, Credit reporting, 773224, Incorrect information on credit report, 
OK, Credit reporting, 773225, Incorrect information on credit report, 
OK, Debt collection, 773334, False statements or representation, 
OK, Payday loan, 771665, Charged fees or interest I didn't expect, 
OK, Consumer loan, 772388, Managing the loan or lease, 
OK, Credit reporting, 772800, Incorrect information on credit report, 
OK, Credit card, 769349, Credit line increase/decrease, 
OK, Debt collection, 770774, Cont'd attempts collect debt not owed, 
OK, Consumer loan, 768987, Shopping for a loan or lease, 
OK, Debt collection, 769003, Cont'd attempts collect debt not owed, 
OK, Debt collection, 764179, Communication tactics, 
OK, Debt collection, 764178, Communication tactics, 
OK, Credit card, 761804, Payoff process, 
OK, Debt collection, 763266, Taking/threatening an illegal action, 
OK, Credit reporting, 759127, Credit reporting company's investigation, 
OK, Debt collection, 760561, Cont'd attempts collect debt not owed, 
OK, Credit reporting, 766207, Incorrect information on credit report, 
OK, Credit reporting, 759302, Incorrect information on credit report, 
OK, Credit reporting, 759301, Incorrect information on credit report, 
OK, Bank account or service, 759961, Deposits and withdrawals, 
OK, Student loan, 763335, Dealing with my lender or servicer, 
OK, Debt collection, 767816, Improper contact or sharing of info, 
OK, Credit reporting, 767807, Unable to get credit report/credit score, 
OK, Debt collection, 760185, Cont'd attempts collect debt not owed, 
OK, Credit reporting, 760226, Incorrect information on credit report, 
OK, Bank account or service, 763080, Using a debit or ATM card, 
OK, Credit reporting, 762908, Unable to get credit report/credit score, 
OK, Debt collection, 755810, Cont'd attempts collect debt not owed, 
OK, Consumer loan, 758959, Managing the loan or lease, 
OK, Credit reporting, 767132, Credit reporting company's investigation, 
OK, Debt collection, 767025, Disclosure verification of debt, 
OK, Debt collection, 759479, Cont'd attempts collect debt not owed, 
OK, Debt collection, 753839, Cont'd attempts collect debt not owed, 
OK, Debt collection, 753835, Cont'd attempts collect debt not owed, 
OK, Bank account or service, 753956, Deposits and withdrawals, 
OK, Credit reporting, 749181, Incorrect information on credit report, 
OK, Credit reporting, 749180, Incorrect information on credit report, 
OK, Credit reporting, 753627, Incorrect information on credit report, 
OK, Credit reporting, 762621, Incorrect information on credit report, 
OK, Debt collection, 746389, Cont'd attempts collect debt not owed, 
OK, Consumer loan, 747745, Managing the loan or lease, 
OK, Debt collection, 746582, Cont'd attempts collect debt not owed, 
OK, Debt collection, 746659, Disclosure verification of debt, 
OK, Debt collection, 746658, Disclosure verification of debt, 
OK, Debt collection, 748898, Cont'd attempts collect debt not owed, 
OK, Student loan, 744555, Dealing with my lender or servicer, 
OK, Credit card, 744641, Billing disputes, 
OK, Debt collection, 744977, Communication tactics, 
OK, Credit reporting, 744457, Unable to get credit report/credit score, 
OK, Credit card, 746005, Customer service / Customer relations, 
OK, Debt collection, 741350, Cont'd attempts collect debt not owed, 
OK, Credit card, 741492, Billing disputes, 
OK, Debt collection, 739880, False statements or representation, 
OK, Debt collection, 740020, False statements or representation, 
OK, Credit reporting, 740500, Incorrect information on credit report, 
OK, Credit card, 743588, Delinquent account, 
OK, Student loan, 739402, Dealing with my lender or servicer, 
OK, Debt collection, 737910, Cont'd attempts collect debt not owed, 
OK, Payday loan, 737975, Charged fees or interest I didn't expect, 
OK, Consumer loan, 735246, Managing the loan or lease, 
OK, Money transfers, 736028, Money was not available when promised, 
OK, Credit reporting, 734416, Incorrect information on credit report, 
OK, Credit reporting, 734415, Incorrect information on credit report, 
OK, Money transfers, 733718, Fraud or scam, 
OK, Credit reporting, 734407, Incorrect information on credit report, 
OK, Credit reporting, 734565, Incorrect information on credit report, 
OK, Credit reporting, 732946, Incorrect information on credit report, 
OK, Debt collection, 732995, Improper contact or sharing of info, 
OK, Credit reporting, 730219, Incorrect information on credit report, 
OK, Money transfers, 730442, Fraud or scam, 
OK, Consumer loan, 731039, Managing the loan or lease, 
OK, Debt collection, 728233, Communication tactics, 
OK, Credit reporting, 731805, Credit reporting company's investigation, 
OK, Mortgage, 727022, Credit decision / Underwriting, 
OK, Debt collection, 725722, Communication tactics, 
OK, Debt collection, 722890, Improper contact or sharing of info, 
OK, Bank account or service, 721152, Problems caused by my funds being low, 
OK, Debt collection, 720542, Communication tactics, 
OK, Debt collection, 720678, Cont'd attempts collect debt not owed, 
OK, Payday loan, 720385, Payment to acct not credited, 
OK, Payday loan, 721453, Can't contact lender, 
OK, Debt collection, 722027, Cont'd attempts collect debt not owed, 
OK, Debt collection, 722094, Improper contact or sharing of info, 
OK, Credit reporting, 717756, Incorrect information on credit report, 
OK, Credit reporting, 717755, Incorrect information on credit report, 
OK, Debt collection, 722026, Cont'd attempts collect debt not owed, 
OK, Debt collection, 716307, Cont'd attempts collect debt not owed, 
OK, Debt collection, 716471, Cont'd attempts collect debt not owed, 
OK, Payday loan, 716175, Charged fees or interest I didn't expect, 
OK, Mortgage, 717183, Settlement process and costs, 
OK, Debt collection, 714623, Cont'd attempts collect debt not owed, 
OK, Consumer loan, 715913, Managing the loan or lease, 
OK, Credit reporting, 714577, Incorrect information on credit report, 
OK, Credit reporting, 714576, Incorrect information on credit report, 
OK, Credit reporting, 712664, Incorrect information on credit report, 
OK, Credit reporting, 714467, Incorrect information on credit report, 
OK, Consumer loan, 711844, Managing the loan or lease, 
OK, Payday loan, 711901, Charged fees or interest I didn't expect, 
OK, Mortgage, 719239, Settlement process and costs, 
OK, Credit reporting, 719898, Incorrect information on credit report, 
OK, Credit reporting, 708411, Incorrect information on credit report, 
OK, Debt collection, 706902, Communication tactics, 
OK, Bank account or service, 706963, Using a debit or ATM card, 
OK, Credit reporting, 707275, Improper use of my credit report, 
OK, Student loan, 706202, Dealing with my lender or servicer, 
OK, Bank account or service, 705634, Problems caused by my funds being low, 
OK, Credit reporting, 705166, Incorrect information on credit report, 
OK, Credit card, 703661, Late fee, 
OK, Money transfers, 704449, Fraud or scam, 
OK, Debt collection, 704493, Communication tactics, 
OK, Debt collection, 704492, Communication tactics, 
OK, Debt collection, 700436, Disclosure verification of debt, 
OK, Debt collection, 702845, Cont'd attempts collect debt not owed, 
OK, Credit reporting, 697845, Incorrect information on credit report, 
OK, Debt collection, 696961, Cont'd attempts collect debt not owed, 
OK, Credit card, 699718, Credit determination, 
OK, Credit reporting, 699745, Credit reporting company's investigation, 
OK, Debt collection, 699744, Cont'd attempts collect debt not owed, 
OK, Debt collection, 694526, Cont'd attempts collect debt not owed, 
OK, Credit reporting, 695374, Unable to get credit report/credit score, 
OK, Debt collection, 694139, Communication tactics, 
OK, Debt collection, 691798, Disclosure verification of debt, 
OK, Credit reporting, 686033, Improper use of my credit report, 
OK, Credit reporting, 686031, Improper use of my credit report, 
OK, Consumer loan, 686034, Shopping for a loan or lease, 
OK, Credit reporting, 686037, Incorrect information on credit report, 
OK, Consumer loan, 686035, Shopping for a loan or lease, 
OK, Credit card, 687499, Customer service / Customer relations, 
OK, Credit reporting, 687925, Incorrect information on credit report, 
OK, Credit reporting, 685598, Unable to get credit report/credit score, 
OK, Debt collection, 684273, Communication tactics, 
OK, Debt collection, 684274, Communication tactics, 
OK, Credit card, 684324, Unsolicited issuance of credit card, 
OK, Debt collection, 685579, Taking/threatening an illegal action, 
OK, Payday loan, 682950, Applied for loan/did not receive money, 
OK, Credit reporting, 682058, Incorrect information on credit report, 
OK, Credit card, 678703, Closing/Cancelling account, 
OK, Debt collection, 678787, Disclosure verification of debt, 
OK, Credit reporting, 680326, Unable to get credit report/credit score, 
OK, Credit card, 681769, Billing disputes, 
OK, Credit reporting, 680946, Incorrect information on credit report, 
OK, Credit reporting, 680948, Incorrect information on credit report, 
OK, Credit reporting, 680947, Incorrect information on credit report, 
OK, Debt collection, 678240, Improper contact or sharing of info, 
OK, Credit reporting, 676201, Incorrect information on credit report, 
OK, Debt collection, 676299, Cont'd attempts collect debt not owed, 
OK, Debt collection, 675991, Cont'd attempts collect debt not owed, 
OK, Debt collection, 675992, Cont'd attempts collect debt not owed, 
OK, Debt collection, 675749, Cont'd attempts collect debt not owed, 
OK, Debt collection, 671571, Communication tactics, 
OK, Debt collection, 672779, Communication tactics, 
OK, Credit reporting, 670302, Incorrect information on credit report, 
OK, Credit reporting, 671391, Incorrect information on credit report, 
OK, Credit reporting, 668241, Incorrect information on credit report, 
OK, Credit card, 668414, Rewards, 
OK, Debt collection, 668441, Disclosure verification of debt, 
OK, Consumer loan, 668999, Managing the loan or lease, 
OK, Credit reporting, 665273, Credit reporting company's investigation, 
OK, Debt collection, 665889, Improper contact or sharing of info, 
OK, Credit reporting, 662607, Improper use of my credit report, 
OK, Credit reporting, 662606, Improper use of my credit report, 
OK, Credit reporting, 662612, Improper use of my credit report, 
OK, Credit reporting, 662608, Improper use of my credit report, 
OK, Credit reporting, 662610, Improper use of my credit report, 
OK, Credit reporting, 662609, Improper use of my credit report, 
OK, Credit card, 660566, Other, 
OK, Student loan, 661735, Dealing with my lender or servicer, 
OK, Credit reporting, 658908, Incorrect information on credit report, 
OK, Credit reporting, 658910, Incorrect information on credit report, 
OK, Credit reporting, 658909, Incorrect information on credit report, 
OK, Payday loan, 659998, Charged fees or interest I didn't expect, 
OK, Debt collection, 660143, Taking/threatening an illegal action, 
OK, Debt collection, 658255, Cont'd attempts collect debt not owed, 
OK, Debt collection, 658256, Cont'd attempts collect debt not owed, 
OK, Student loan, 658998, Can't repay my loan, 
OK, Credit card, 657469, Other, 
OK, Credit reporting, 657199, Incorrect information on credit report, 
OK, Debt collection, 653459, Improper contact or sharing of info, 
OK, Debt collection, 653460, Improper contact or sharing of info, 
OK, Credit card, 654534, Other, 
OK, Consumer loan, 653810, Problems when you are unable to pay, 
OK, Debt collection, 649149, Cont'd attempts collect debt not owed, 
OK, Student loan, 649309, Can't repay my loan, 
OK, Credit card, 650061, Billing statement, 
OK, Debt collection, 648865, Cont'd attempts collect debt not owed, 
OK, Credit reporting, 648454, Incorrect information on credit report, 
OK, Credit card, 648271, Delinquent account, 
OK, Debt collection, 647192, Cont'd attempts collect debt not owed, 
OK, Credit reporting, 645722, Unable to get credit report/credit score, 
OK, Credit card, 646163, APR or interest rate, 
OK, Credit reporting, 645063, Incorrect information on credit report, 
OK, Credit reporting, 645062, Incorrect information on credit report, 
OK, Debt collection, 645070, Cont'd attempts collect debt not owed, 
OK, Credit reporting, 645064, Incorrect information on credit report, 
OK, Credit card, 643376, Payoff process, 
OK, Credit card, 640000, Billing disputes, 
OK, Mortgage, 640139, Other, 
OK, Credit reporting, 642554, Credit monitoring or identity protection, 
OK, Student loan, 644448, Repaying your loan, 
OK, Credit reporting, 637035, Incorrect information on credit report, 
OK, Consumer loan, 642458, Problems when you are unable to pay, 
OK, Credit card, 635701, Identity theft / Fraud / Embezzlement, 
OK, Debt collection, 634600, Communication tactics, 
OK, Debt collection, 634019, Cont'd attempts collect debt not owed, 
OK, Bank account or service, 633332, Using a debit or ATM card, 
OK, Mortgage, 633691, Settlement process and costs, 
OK, Debt collection, 632981, Communication tactics, 
OK, Credit card, 627955, APR or interest rate, 
OK, Credit reporting, 627642, Incorrect information on credit report, 
OK, Debt collection, 625672, Cont'd attempts collect debt not owed, 
OK, Debt collection, 627609, Cont'd attempts collect debt not owed, 
OK, Credit card, 624055, Delinquent account, 
OK, Credit card, 625437, Transaction issue, 
OK, Consumer loan, 626663, Taking out the loan or lease, 
OK, Consumer loan, 622998, Shopping for a loan or lease, 
OK, Debt collection, 621075, Cont'd attempts collect debt not owed, 
OK, Debt collection, 621178, Cont'd attempts collect debt not owed, 
OK, Credit reporting, 618603, Incorrect information on credit report, 
OK, Credit reporting, 618604, Incorrect information on credit report, 
OK, Credit card, 618929, Identity theft / Fraud / Embezzlement, 
OK, Consumer loan, 617652, Managing the loan or lease, 
OK, Consumer loan, 615830, Managing the loan or lease, 
OK, Debt collection, 615831, Improper contact or sharing of info, 
OK, Consumer loan, 612501, Managing the loan or lease, 
OK, Bank account or service, 611545, Deposits and withdrawals, 
OK, Credit card, 609846, Billing disputes, 
OK, Credit reporting, 608223, Incorrect information on credit report, 
OK, Credit card, 606496, Identity theft / Fraud / Embezzlement, 
OK, Debt collection, 603544, Cont'd attempts collect debt not owed, 
OK, Debt collection, 603545, Cont'd attempts collect debt not owed, 
OK, Debt collection, 603874, Communication tactics, 
OK, Bank account or service, 600792, Deposits and withdrawals, 
OK, Debt collection, 601539, Communication tactics, 
OK, Debt collection, 598291, Disclosure verification of debt, 
OK, Debt collection, 598443, Improper contact or sharing of info, 
OK, Debt collection, 598442, Improper contact or sharing of info, 
OK, Consumer loan, 599398, Problems when you are unable to pay, 
OK, Consumer loan, 596561, Account terms and changes, 
OK, Debt collection, 594941, Cont'd attempts collect debt not owed, 
OK, Student loan, 594932, Repaying your loan, 
OK, Debt collection, 592768, Improper contact or sharing of info, 
OK, Debt collection, 592757, Cont'd attempts collect debt not owed, 
OK, Debt collection, 592710, Communication tactics, 
OK, Debt collection, 588705, Improper contact or sharing of info, 
OK, Debt collection, 585361, Taking/threatening an illegal action, 
OK, Debt collection, 585360, Taking/threatening an illegal action, 
OK, Debt collection, 584414, Cont'd attempts collect debt not owed, 
OK, Credit card, 585492, Identity theft / Fraud / Embezzlement, 
OK, Mortgage, 581610, Other, 
OK, Debt collection, 579766, False statements or representation, 
OK, Student loan, 579375, Problems when you are unable to pay, 
OK, Debt collection, 579025, Improper contact or sharing of info, 
OK, Debt collection, 579024, Disclosure verification of debt, 
OK, Credit reporting, 577516, Incorrect information on credit report, 
OK, Credit reporting, 578141, Incorrect information on credit report, 
OK, Debt collection, 578597, Cont'd attempts collect debt not owed, 
OK, Debt collection, 576079, Communication tactics, 
OK, Debt collection, 576453, Communication tactics, 
OK, Mortgage, 575062, Settlement process and costs, 
OK, Credit reporting, 577414, Improper use of my credit report, 
OK, Student loan, 575200, Problems when you are unable to pay, 
OK, Consumer loan, 574153, Managing the loan or lease, 
OK, Credit card, 572674, Late fee, 
OK, Debt collection, 572939, Disclosure verification of debt, 
OK, Mortgage, 571691, Credit decision / Underwriting, 
OK, Debt collection, 572283, Improper contact or sharing of info, 
OK, Debt collection, 569985, Cont'd attempts collect debt not owed, 
OK, Debt collection, 568869, Disclosure verification of debt, 
OK, Consumer loan, 568807, Managing the loan or lease, 
OK, Debt collection, 566607, Improper contact or sharing of info, 
OK, Debt collection, 564662, Cont'd attempts collect debt not owed, 
OK, Credit reporting, 564689, Credit monitoring or identity protection, 
OK, Money transfers, 565137, Money was not available when promised, 
OK, Debt collection, 564050, Disclosure verification of debt, 
OK, Debt collection, 563571, Improper contact or sharing of info, 
OK, Student loan, 561490, Problems when you are unable to pay, 
OK, Mortgage, 558291, Credit decision / Underwriting, 
OK, Student loan, 557101, Repaying your loan, 
OK, Consumer loan, 555925, Taking out the loan or lease, 
OK, Debt collection, 553151, Communication tactics, 
OK, Debt collection, 553150, Communication tactics, 
OK, Debt collection, 553154, Communication tactics, 
OK, Credit reporting, 552852, Incorrect information on credit report, 
OK, Credit card, 547876, Application processing delay, 
OK, Credit reporting, 549027, Incorrect information on credit report, 
OK, Credit reporting, 549028, Incorrect information on credit report, 
OK, Credit card, 547143, Late fee, 
OK, Mortgage, 546390, Credit decision / Underwriting, 
OK, Credit card, 543058, Billing disputes, 
OK, Credit reporting, 541279, Incorrect information on credit report, 
OK, Debt collection, 543075, Cont'd attempts collect debt not owed, 
OK, Debt collection, 540172, Improper contact or sharing of info, 
OK, Credit card, 537734, Balance transfer, 
OK, Debt collection, 535895, Cont'd attempts collect debt not owed, 
OK, Debt collection, 534636, Cont'd attempts collect debt not owed, 
OK, Debt collection, 535120, Disclosure verification of debt, 
OK, Credit card, 534484, Billing disputes, 
OK, Debt collection, 532291, Disclosure verification of debt, 
OK, Debt collection, 532166, Taking/threatening an illegal action, 
OK, Credit card, 533679, Credit determination, 
OK, Debt collection, 530136, Cont'd attempts collect debt not owed, 
OK, Credit card, 528509, Customer service / Customer relations, 
OK, Credit reporting, 526381, Credit reporting company's investigation, 
OK, Credit reporting, 526945, Improper use of my credit report, 
OK, Credit reporting, 526944, Improper use of my credit report, 
OK, Credit reporting, 526943, Improper use of my credit report, 
OK, Credit reporting, 525011, Incorrect information on credit report, 
OK, Credit reporting, 525010, Incorrect information on credit report, 
OK, Credit reporting, 525009, Incorrect information on credit report, 
OK, Credit reporting, 525008, Incorrect information on credit report, 
OK, Credit reporting, 519784, Unable to get credit report/credit score, 
OK, Consumer loan, 520068, Managing the loan or lease, 
OK, Debt collection, 519135, False statements or representation, 
OK, Credit reporting, 519017, Incorrect information on credit report, 
OK, Credit reporting, 518322, Incorrect information on credit report, 
OK, Debt collection, 518963, Cont'd attempts collect debt not owed, 
OK, Credit reporting, 518321, Incorrect information on credit report, 
OK, Debt collection, 518129, Cont'd attempts collect debt not owed, 
OK, Credit reporting, 518226, Incorrect information on credit report, 
OK, Bank account or service, 515943, Deposits and withdrawals, 
OK, Credit card, 516089, Billing disputes, 
OK, Credit card, 516332, Billing disputes, 
OK, Debt collection, 516558, Cont'd attempts collect debt not owed, 
OK, Credit card, 512751, Advertising and marketing, 
OK, Student loan, 511396, Repaying your loan, 
OK, Debt collection, 510597, Disclosure verification of debt, 
OK, Debt collection, 510599, Cont'd attempts collect debt not owed, 
OK, Debt collection, 510598, Cont'd attempts collect debt not owed, 
OK, Bank account or service, 510744, Problems caused by my funds being low, 
OK, Credit reporting, 501974, Unable to get credit report/credit score, 
OK, Credit card, 505013, Billing disputes, 
OK, Credit reporting, 505376, Incorrect information on credit report, 
OK, Student loan, 504594, Repaying your loan, 
OK, Debt collection, 502941, Disclosure verification of debt, 
OK, Credit card, 500314, Other fee, 
OK, Mortgage, 499837, Settlement process and costs, 
OK, Credit card, 495665, Arbitration, 
OK, Mortgage, 496070, Other, 
OK, Credit reporting, 493360, Incorrect information on credit report, 
OK, Credit reporting, 493359, Incorrect information on credit report, 
OK, Credit reporting, 493362, Incorrect information on credit report, 
OK, Credit reporting, 493361, Incorrect information on credit report, 
OK, Credit reporting, 493363, Incorrect information on credit report, 
OK, Credit reporting, 491189, Improper use of my credit report, 
OK, Credit reporting, 491188, Improper use of my credit report, 
OK, Credit reporting, 491187, Improper use of my credit report, 
OK, Credit card, 489978, APR or interest rate, 
OK, Credit reporting, 489741, Unable to get credit report/credit score, 
OK, Credit card, 488272, Other, 
OK, Consumer loan, 486561, Managing the loan or lease, 
OK, Credit card, 486093, Credit determination, 
OK, Debt collection, 481513, Communication tactics, 
OK, Debt collection, 481511, Communication tactics, 
OK, Mortgage, 481518, Credit decision / Underwriting, 
OK, Debt collection, 482172, False statements or representation, 
OK, Credit card, 474769, Advertising and marketing, 
OK, Credit card, 473865, Late fee, 
OK, Student loan, 473293, Repaying your loan, 
OK, Mortgage, 473430, Settlement process and costs, 
OK, Credit reporting, 469895, Incorrect information on credit report, 
OK, Credit card, 470081, APR or interest rate, 
OK, Credit reporting, 470265, Incorrect information on credit report, 
OK, Debt collection, 468755, Cont'd attempts collect debt not owed, 
OK, Credit reporting, 468440, Credit monitoring or identity protection, 
OK, Mortgage, 479875, Settlement process and costs, 
OK, Debt collection, 465931, Communication tactics, 
OK, Consumer loan, 463019, Managing the loan or lease, 
OK, Credit reporting, 460570, Incorrect information on credit report, 
OK, Student loan, 460571, Repaying your loan, 
OK, Debt collection, 460878, Communication tactics, 
OK, Credit reporting, 455418, Incorrect information on credit report, 
OK, Credit card, 457006, Other, 
OK, Credit card, 457007, Other, 
OK, Credit reporting, 457011, Credit monitoring or identity protection, 
OK, Credit card, 457008, Other, 
OK, Debt collection, 457009, Cont'd attempts collect debt not owed, 
OK, Credit reporting, 459342, Unable to get credit report/credit score, 
OK, Consumer loan, 460381, Problems when you are unable to pay, 
OK, Bank account or service, 458678, Deposits and withdrawals, 
OK, Debt collection, 458697, Taking/threatening an illegal action, 
OK, Credit card, 457093, Billing disputes, 
OK, Credit reporting, 457005, Incorrect information on credit report, 
OK, Credit reporting, 457004, Incorrect information on credit report, 
OK, Credit card, 456585, APR or interest rate, 
OK, Student loan, 454735, Problems when you are unable to pay, 
OK, Credit card, 454455, Overlimit fee, 
OK, Credit card, 451011, Payoff process, 
OK, Credit reporting, 447358, Incorrect information on credit report, 
OK, Credit card, 447881, Customer service / Customer relations, 
OK, Credit reporting, 446425, Credit monitoring or identity protection, 
OK, Consumer loan, 445886, Managing the loan or lease, 
OK, Bank account or service, 442670, Problems caused by my funds being low, 
OK, Bank account or service, 439962, Using a debit or ATM card, 
OK, Credit reporting, 433910, Incorrect information on credit report, 
OK, Bank account or service, 434565, Deposits and withdrawals, 
OK, Credit card, 430570, APR or interest rate, 
OK, Consumer loan, 430334, Managing the loan or lease, 
OK, Credit reporting, 430349, Incorrect information on credit report, 
OK, Credit card, 431451, Billing disputes, 
OK, Money transfers, 429871, Fraud or scam, 
OK, Bank account or service, 428687, Problems caused by my funds being low, 
OK, Credit card, 425878, Balance transfer fee, 
OK, Bank account or service, 423335, Deposits and withdrawals, 
OK, Credit card, 422453, Other, 
OK, Credit card, 422198, Billing disputes, 
OK, Credit card, 421153, Billing disputes, 
OK, Credit card, 421152, Billing disputes, 
OK, Credit card, 421154, Billing disputes, 
OK, Bank account or service, 420725, Using a debit or ATM card, 
OK, Consumer loan, 420029, Managing the loan or lease, 
OK, Credit reporting, 418737, Incorrect information on credit report, 
OK, Bank account or service, 418921, Deposits and withdrawals, 
OK, Credit reporting, 419684, Incorrect information on credit report, 
OK, Credit reporting, 419685, Incorrect information on credit report, 
OK, Credit card, 419916, Billing disputes, 
OK, Credit card, 415336, Credit determination, 
OK, Bank account or service, 412282, Problems caused by my funds being low, 
OK, Credit card, 410130, Other, 
OK, Bank account or service, 409368, Deposits and withdrawals, 
OK, Credit card, 406297, Credit card protection / Debt protection, 
OK, Bank account or service, 402430, Problems caused by my funds being low, 
OK, Bank account or service, 402491, Problems caused by my funds being low, 
OK, Credit card, 401058, Transaction issue, 
OK, Credit card, 401113, Balance transfer, 
OK, Mortgage, 400802, Other, 
OK, Consumer loan, 400269, Shopping for a loan or lease, 
OK, Credit reporting, 400256, Incorrect information on credit report, 
OK, Credit card, 394436, Other, 
OK, Credit reporting, 393419, Incorrect information on credit report, 
OK, Consumer loan, 392557, Managing the loan or lease, 
OK, Credit reporting, 391436, Incorrect information on credit report, 
OK, Credit reporting, 391435, Incorrect information on credit report, 
OK, Credit reporting, 390710, Incorrect information on credit report, 
OK, Credit reporting, 390709, Incorrect information on credit report, 
OK, Credit reporting, 391989, Incorrect information on credit report, 
OK, Credit card, 389891, APR or interest rate, 
OK, Credit reporting, 389206, Incorrect information on credit report, 
OK, Credit card, 390497, Closing/Cancelling account, 
OK, Credit card, 387244, Identity theft / Fraud / Embezzlement, 
OK, Mortgage, 386723, Settlement process and costs, 
OK, Credit reporting, 385437, Incorrect information on credit report, 
OK, Credit reporting, 385436, Incorrect information on credit report, 
OK, Credit reporting, 386358, Incorrect information on credit report, 
OK, Credit reporting, 385738, Incorrect information on credit report, 
OK, Consumer loan, 384810, Problems when you are unable to pay, 
OK, Credit reporting, 384809, Incorrect information on credit report, 
OK, Credit card, 384811, Sale of account, 
OK, Bank account or service, 383505, Deposits and withdrawals, 
OK, Credit card, 383991, Payoff process, 
OK, Credit card, 383044, Unsolicited issuance of credit card, 
OK, Credit card, 381914, Customer service / Customer relations, 
OK, Credit reporting, 380422, Incorrect information on credit report, 
OK, Credit reporting, 378138, Incorrect information on credit report, 
OK, Credit reporting, 377349, Incorrect information on credit report, 
OK, Credit reporting, 378566, Incorrect information on credit report, 
OK, Credit card, 376613, Credit determination, 
OK, Mortgage, 377290, Other, 
OK, Credit card, 374741, Late fee, 
OK, Mortgage, 374396, Credit decision / Underwriting, 
OK, Credit card, 373611, Credit reporting, 
OK, Credit card, 371053, Credit reporting, 
OK, Credit card, 370222, Billing disputes, 
OK, Credit reporting, 370016, Incorrect information on credit report, 
OK, Credit reporting, 369427, Incorrect information on credit report, 
OK, Credit reporting, 369426, Incorrect information on credit report, 
OK, Credit reporting, 369424, Incorrect information on credit report, 
OK, Credit reporting, 369425, Incorrect information on credit report, 
OK, Credit reporting, 368751, Incorrect information on credit report, 
OK, Credit reporting, 368752, Incorrect information on credit report, 
OK, Credit reporting, 364246, Credit reporting company's investigation, 
OK, Credit reporting, 364245, Credit reporting company's investigation, 
OK, Credit reporting, 364272, Incorrect information on credit report, 
OK, Credit reporting, 364273, Incorrect information on credit report, 
OK, Consumer loan, 364979, Taking out the loan or lease, 
OK, Credit card, 363434, Payoff process, 
OK, Credit reporting, 362171, Incorrect information on credit report, 
OK, Credit reporting, 362169, Incorrect information on credit report, 
OK, Bank account or service, 362538, Deposits and withdrawals, 
OK, Consumer loan, 360545, Managing the loan or lease, 
OK, Credit reporting, 359653, Unable to get credit report/credit score, 
OK, Credit card, 359696, Billing disputes, 
OK, Credit card, 359697, Billing disputes, 
OK, Credit card, 358929, Billing disputes, 
OK, Credit reporting, 352378, Incorrect information on credit report, 
OK, Student loan, 351307, Repaying your loan, 
OK, Consumer loan, 351397, Managing the loan or lease, 
OK, Student loan, 349219, Problems when you are unable to pay, 
OK, Credit card, 349752, Billing disputes, 
OK, Bank account or service, 343098, Deposits and withdrawals, 
OK, Student loan, 342972, Repaying your loan, 
OK, Credit reporting, 340813, Incorrect information on credit report, 
OK, Credit reporting, 340812, Incorrect information on credit report, 
OK, Mortgage, 339614, Settlement process and costs, 
OK, Student loan, 336106, Repaying your loan, 
OK, Credit card, 334231, Advertising and marketing, 
OK, Bank account or service, 334493, Problems caused by my funds being low, 
OK, Credit card, 334603, Credit reporting, 
OK, Bank account or service, 329486, Problems caused by my funds being low, 
OK, Credit card, 329776, Collection practices, 
OK, Consumer loan, 321406, Managing the loan or lease, 
OK, Credit reporting, 319336, Incorrect information on credit report, 
OK, Credit reporting, 319337, Incorrect information on credit report, 
OK, Credit reporting, 320084, Incorrect information on credit report, 
OK, Bank account or service, 318984, Using a debit or ATM card, 
OK, Credit card, 319018, APR or interest rate, 
OK, Credit reporting, 316927, Incorrect information on credit report, 
OK, Student loan, 317352, Repaying your loan, 
OK, Credit reporting, 314297, Incorrect information on credit report, 
OK, Credit reporting, 314296, Incorrect information on credit report, 
OK, Credit reporting, 313238, Incorrect information on credit report, 
OK, Credit reporting, 313777, Incorrect information on credit report, 
OK, Credit card, 312313, Credit card protection / Debt protection, 
OK, Credit card, 309362, Credit determination, 
OK, Credit reporting, 312889, Incorrect information on credit report, 
OK, Bank account or service, 310136, Problems caused by my funds being low, 
OK, Consumer loan, 297787, Taking out the loan or lease, 
OK, Credit reporting, 285905, Credit monitoring or identity protection, 
OK, Mortgage, 282858, Settlement process and costs, 
OK, Credit reporting, 282159, Incorrect information on credit report, 
OK, Bank account or service, 275962, Deposits and withdrawals, 
OK, Mortgage, 264985, Settlement process and costs, 
OK, Credit card, 264117, APR or interest rate, 
OK, Student loan, 262135, Repaying your loan, 
OK, Student loan, 259791, Repaying your loan, 
OK, Student loan, 257366, Repaying your loan, 
OK, Credit card, 259041, Credit reporting, 
OK, Credit card, 249410, Late fee, 
OK, Credit card, 245000, Privacy, 
OK, Credit reporting, 247449, Incorrect information on credit report, 
OK, Bank account or service, 244389, Deposits and withdrawals, 
OK, Credit reporting, 232036, Incorrect information on credit report, 
OK, Credit reporting, 230157, Incorrect information on credit report, 
OK, Credit card, 227178, Credit card protection / Debt protection, 
OK, Bank account or service, 227257, Problems caused by my funds being low, 
OK, Bank account or service, 225390, Problems caused by my funds being low, 
OK, Bank account or service, 225256, Using a debit or ATM card, 
OK, Credit card, 223990, Late fee, 
OK, Credit card, 223072, Application processing delay, 
OK, Credit reporting, 222773, Incorrect information on credit report, 
OK, Credit reporting, 221921, Incorrect information on credit report, 
OK, Student loan, 221538, Repaying your loan, 
OK, Credit reporting, 219112, Incorrect information on credit report, 
OK, Credit card, 218645, Credit determination, 
OK, Credit card, 219022, Credit card protection / Debt protection, 
OK, Credit reporting, 218172, Incorrect information on credit report, 
OK, Consumer loan, 218226, Managing the loan or lease, 
OK, Bank account or service, 217770, Deposits and withdrawals, 
OK, Credit card, 216445, Billing disputes, 
OK, Bank account or service, 214703, Problems caused by my funds being low, 
OK, Credit reporting, 213562, Incorrect information on credit report, 
OK, Credit card, 211506, Credit reporting, 
OK, Credit reporting, 208921, Incorrect information on credit report, 
OK, Student loan, 207843, Repaying your loan, 
OK, Credit card, 205731, Other, 
OK, Mortgage, 203407, Credit decision / Underwriting, 
OK, Student loan, 202345, Problems when you are unable to pay, 
OK, Student loan, 199400, Problems when you are unable to pay, 
OK, Credit card, 199074, Transaction issue, 
OK, Consumer loan, 197839, Managing the loan or lease, 
OK, Credit card, 198493, Credit reporting, 
OK, Credit card, 197362, Transaction issue, 
OK, Credit card, 197565, Unsolicited issuance of credit card, 
OK, Credit card, 197659, Transaction issue, 
OK, Credit card, 197647, Billing disputes, 
OK, Credit card, 195650, Advertising and marketing, 
OK, Consumer loan, 195153, Managing the loan or lease, 
OK, Credit card, 193779, Collection practices, 
OK, Credit reporting, 192762, Credit reporting company's investigation, 
OK, Credit reporting, 192761, Incorrect information on credit report, 
OK, Credit reporting, 192758, Incorrect information on credit report, 
OK, Consumer loan, 192478, Managing the line of credit, 
OK, Credit reporting, 191904, Incorrect information on credit report, 
OK, Consumer loan, 192066, Problems when you are unable to pay, 
OK, Credit card, 192046, Billing disputes, 
OK, Bank account or service, 190840, Deposits and withdrawals, 
OK, Credit card, 188814, Billing disputes, 
OK, Credit card, 187810, Credit card protection / Debt protection, 
OK, Bank account or service, 187915, Problems caused by my funds being low, 
OK, Credit reporting, 185912, Unable to get credit report/credit score, 
OK, Credit reporting, 185911, Unable to get credit report/credit score, 
OK, Bank account or service, 185699, Deposits and withdrawals, 
OK, Credit reporting, 183917, Improper use of my credit report, 
OK, Credit card, 182236, Credit reporting, 
OK, Bank account or service, 182419, Problems caused by my funds being low, 
OK, Credit card, 181363, Credit reporting, 
OK, Credit reporting, 181035, Incorrect information on credit report, 
OK, Credit card, 179551, Credit determination, 
OK, Credit card, 179686, Collection debt dispute, 
OK, Student loan, 179141, Repaying your loan, 
OK, Credit card, 178948, Other fee, 
OK, Bank account or service, 180661, Deposits and withdrawals, 
OK, Bank account or service, 177009, Deposits and withdrawals, 
OK, Bank account or service, 175772, Deposits and withdrawals, 
OK, Credit card, 175628, Delinquent account, 
OK, Credit card, 175627, Delinquent account, 
OK, Credit card, 175089, Delinquent account, 
OK, Credit card, 175507, Collection debt dispute, 
OK, Credit card, 175506, Billing disputes, 
OK, Bank account or service, 174740, Using a debit or ATM card, 
OK, Credit card, 174786, Identity theft / Fraud / Embezzlement, 
OK, Mortgage, 173050, Other, 
OK, Credit card, 173163, Credit determination, 
OK, Student loan, 172108, Problems when you are unable to pay, 
OK, Credit card, 172238, Billing disputes, 
OK, Credit card, 171731, Credit reporting, 
OK, Bank account or service, 168606, Deposits and withdrawals, 
OK, Credit card, 167191, Credit card protection / Debt protection, 
OK, Bank account or service, 165051, Problems caused by my funds being low, 
OK, Consumer loan, 165198, Managing the loan or lease, 
OK, Consumer loan, 161633, Problems when you are unable to pay, 
OK, Consumer loan, 160104, Taking out the loan or lease, 
OK, Credit card, 159604, Billing disputes, 
OK, Credit card, 159786, Delinquent account, 
OK, Credit card, 157737, Customer service / Customer relations, 
OK, Credit card, 156408, APR or interest rate, 
OK, Credit card, 156456, Closing/Cancelling account, 
OK, Bank account or service, 156493, Problems caused by my funds being low, 
OK, Credit card, 155097, Closing/Cancelling account, 
OK, Credit card, 151410, Delinquent account, 
OK, Mortgage, 151565, Credit decision / Underwriting, 
OK, Bank account or service, 150793, Deposits and withdrawals, 
OK, Consumer loan, 147946, Taking out the loan or lease, 
OK, Bank account or service, 148082, Problems caused by my funds being low, 
OK, Bank account or service, 148096, Problems caused by my funds being low, 
OK, Credit card, 147620, Payoff process, 
OK, Credit card, 147076, Credit line increase/decrease, 
OK, Credit card, 143227, Advertising and marketing, 
OK, Credit card, 143336, Payoff process, 
OK, Bank account or service, 141968, Using a debit or ATM card, 
OK, Credit card, 141545, Delinquent account, 
OK, Credit card, 140172, Closing/Cancelling account, 
OK, Consumer loan, 137912, Managing the loan or lease, 
OK, Credit card, 137638, Arbitration, 
OK, Credit card, 136536, Credit reporting, 
OK, Bank account or service, 136369, Problems caused by my funds being low, 
OK, Bank account or service, 136396, Deposits and withdrawals, 
OK, Mortgage, 134185, Settlement process and costs, 
OK, Bank account or service, 133252, Problems caused by my funds being low, 
OK, Bank account or service, 133369, Deposits and withdrawals, 
OK, Credit card, 132020, Other fee, 
OK, Bank account or service, 130262, Deposits and withdrawals, 
OK, Consumer loan, 130601, Managing the loan or lease, 
OK, Credit card, 129228, Identity theft / Fraud / Embezzlement, 
OK, Credit card, 126573, Collection practices, 
OK, Mortgage, 124108, Settlement process and costs, 
OK, Credit card, 121624, APR or interest rate, 
OK, Credit card, 121710, Payoff process, 
OK, Credit card, 120601, Balance transfer, 
OK, Consumer loan, 119940, Problems when you are unable to pay, 
OK, Credit card, 119947, Credit card protection / Debt protection, 
OK, Credit card, 120443, Customer service / Customer relations, 
OK, Credit card, 118411, Billing statement, 
OK, Bank account or service, 119092, Deposits and withdrawals, 
OK, Student loan, 119167, Repaying your loan, 
OK, Credit card, 117967, Closing/Cancelling account, 
OK, Credit card, 118322, Billing disputes, 
OK, Consumer loan, 116065, Managing the line of credit, 
OK, Credit card, 117004, Delinquent account, 
OK, Credit card, 115730, Billing disputes, 
OK, Mortgage, 114505, Settlement process and costs, 
OK, Credit card, 112635, Delinquent account, 
OK, Consumer loan, 110727, Managing the loan or lease, 
OK, Bank account or service, 108978, Problems caused by my funds being low, 
OK, Credit card, 109113, Credit line increase/decrease, 
OK, Credit card, 107446, APR or interest rate, 
OK, Bank account or service, 106058, Deposits and withdrawals, 
OK, Credit card, 104410, Billing statement, 
OK, Student loan, 104500, Problems when you are unable to pay, 
OK, Credit card, 104724, Billing disputes, 
OK, Credit card, 103139, APR or interest rate, 
OK, Credit card, 103368, Forbearance / Workout plans, 
OK, Student loan, 102851, Problems when you are unable to pay, 
OK, Student loan, 101889, Repaying your loan, 
OK, Student loan, 101977, Repaying your loan, 
OK, Student loan, 101964, Repaying your loan, 
OK, Student loan, 102665, Repaying your loan, 
OK, Consumer loan, 100653, Problems when you are unable to pay, 
OK, Credit card, 100338, Delinquent account, 
OK, Credit card, 97683, Closing/Cancelling account, 
OK, Credit card, 97839, Late fee, 
OK, Credit card, 98483, Billing disputes, 
OK, Credit card, 94507, Credit card protection / Debt protection, 
OK, Credit card, 94674, Identity theft / Fraud / Embezzlement, 
OK, Credit card, 93218, Customer service / Customer relations, 
OK, Consumer loan, 91623, Shopping for a loan or lease, 
OK, Credit card, 89959, Collection debt dispute, 
OK, Credit card, 89961, Identity theft / Fraud / Embezzlement, 
OK, Student loan, 90522, Problems when you are unable to pay, 
OK, Credit card, 87078, Credit line increase/decrease, 
OK, Credit card, 1426, Overlimit fee, 
OK, Credit card, 795, Billing disputes, 
OK, Credit card, 85651, Collection practices, 
OK, Bank account or service, 83623, Deposits and withdrawals, 
OK, Credit card, 84155, Credit line increase/decrease, 
OK, Bank account or service, 80644, Deposits and withdrawals, 
OK, Bank account or service, 78137, Deposits and withdrawals, 
OK, Credit card, 78630, Billing disputes, 
OK, Credit card, 74253, Billing disputes, 
OK, Credit card, 34519, Credit reporting, 
OK, Bank account or service, 69579, Problems caused by my funds being low, 
OK, Credit card, 78193, Billing disputes, 
OK, Bank account or service, 68645, Problems caused by my funds being low, 
OK, Bank account or service, 66942, Deposits and withdrawals, 
OK, Credit card, 66024, Other, 
OK, Mortgage, 65082, Credit decision / Underwriting, 
OK, Credit card, 61102, Collection practices, 
OK, Bank account or service, 60325, Deposits and withdrawals, 
OK, Credit card, 59493, Delinquent account, 
OK, Student loan, 25890, Problems when you are unable to pay, 
OK, Bank account or service, 39687, Using a debit or ATM card, 
OK, Bank account or service, 43737, Problems caused by my funds being low, 
OK, Credit card, 27680, Closing/Cancelling account, 
OK, Credit card, 42666, Collection practices, 
OK, Student loan, 42138, Repaying your loan, 
OK, Mortgage, 42178, Other, 
OK, Credit card, 15955, Credit card protection / Debt protection, 
OK, Consumer loan, 41121, Problems when you are unable to pay, 
OK, Credit card, 17761, Billing disputes, 
OK, Credit card, 37457, Closing/Cancelling account, 
OK, Bank account or service, 36092, Problems caused by my funds being low, 
OK, Credit card, 35655, Credit determination, 
OK, Credit card, 34408, Collection debt dispute, 
OK, Credit card, 33826, Balance transfer, 
OK, Credit card, 33825, Balance transfer, 
OK, Bank account or service, 33631, Deposits and withdrawals, 
OK, Student loan, 32753, Problems when you are unable to pay, 
OK, Student loan, 32270, Repaying your loan, 
OK, Student loan, 30463, Repaying your loan, 
OK, Credit card, 28874, Collection debt dispute, 
OK, Credit card, 29041, Billing disputes, 
OK, Credit card, 13328, Other fee, 
OK, Credit card, 25680, Late fee, 
OK, Credit card, 22799, Billing disputes, 
OK, Credit card, 2549, Application processing delay, 
OK, Credit card, 13327, Billing disputes, 
OK, Credit card, 20411, Collection debt dispute, 
OK, Credit card, 16100, Closing/Cancelling account, 
OK, Credit card, 16151, Other, 
OK, Credit card, 15642, Billing disputes, 
OK, Credit card, 14962, Advertising and marketing, 
OK, Credit card, 12110, Collection practices, 
OK, Credit card, 12517, Payoff process, 
OK, Credit card, 10744, Credit card protection / Debt protection, 
OK, Credit card, 10507, Collection practices, 
OK, Credit card, 9685, Closing/Cancelling account, 
OK, Credit card, 8352, Credit card protection / Debt protection, 
OK, Credit card, 8434, Credit line increase/decrease, 
OK, Credit card, 7514, Other, 
OK, Credit card, 7187, Credit card protection / Debt protection, 
OK, Credit card, 6527, Billing disputes, 
OK, Credit card, 5391, Billing disputes, 
OK, Credit card, 4998, Identity theft / Fraud / Embezzlement, 
OK, Credit card, 3780, Billing disputes, 
OK, Credit card, 2548, Closing/Cancelling account, 
