Bank of America, In progress, 1112635, Bank account or service, 
Bank of America, In progress, 1110347, Bank account or service, 
Bank of America, In progress, 1109600, Mortgage, 
Bank of America, Closed with non-monetary relief, 1109141, Mortgage, 
Bank of America, In progress, 1107604, Bank account or service, 
Bank of America, In progress, 1106074, Bank account or service, 
Bank of America, Closed with explanation, 1104411, Credit card, 
Bank of America, Closed with explanation, 1105513, Credit card, 
Bank of America, In progress, 1105025, Money transfers, 
Bank of America, In progress, 1105985, Money transfers, 
Bank of America, In progress, 1105720, Bank account or service, 
Bank of America, Closed with explanation, 1103021, Mortgage, 
Bank of America, In progress, 1103888, Bank account or service, 
Bank of America, In progress, 1103796, Mortgage, 
Bank of America, In progress, 1104442, Bank account or service, 
Bank of America, In progress, 1104567, Bank account or service, 
Bank of America, Closed, 1103790, Mortgage, 
Bank of America, In progress, 1103562, Bank account or service, 
Bank of America, In progress, 1102467, Bank account or service, 
Bank of America, In progress, 1102293, Credit card, 
Bank of America, In progress, 1100728, Credit card, 
Bank of America, In progress, 1100915, Bank account or service, 
Bank of America, In progress, 1101885, Bank account or service, 
Bank of America, In progress, 1101789, Bank account or service, 
Bank of America, Closed with monetary relief, 1100786, Bank account or service, 
Bank of America, Closed with explanation, 1098405, Bank account or service, 
Bank of America, In progress, 1100008, Bank account or service, 
Bank of America, In progress, 1098320, Bank account or service, 
Bank of America, In progress, 1099017, Bank account or service, 
Bank of America, In progress, 1100136, Credit card, 
Bank of America, In progress, 1097763, Credit card, 
Bank of America, In progress, 1097694, Bank account or service, 
Bank of America, Closed with explanation, 1097677, Bank account or service, 
Bank of America, In progress, 1097400, Bank account or service, 
Bank of America, Closed with explanation, 1097510, Bank account or service, 
Bank of America, In progress, 1097225, Bank account or service, 
Bank of America, In progress, 1096086, Bank account or service, 
Bank of America, Closed with monetary relief, 1095062, Bank account or service, 
Bank of America, In progress, 1094956, Money transfers, 
Bank of America, In progress, 1096508, Mortgage, 
