 Credit reporting, 1114110, Incorrect information on credit report, 
 Credit reporting, 1109077, Incorrect information on credit report, 
 Debt collection, 1103791, Communication tactics, 
 Debt collection, 1102901, Communication tactics, 
 Bank account or service, 1099095, Using a debit or ATM card, 
 Credit reporting, 1099398, Incorrect information on credit report, 
 Credit reporting, 1099397, Incorrect information on credit report, 
 Debt collection, 1099330, Cont'd attempts collect debt not owed, 
 Credit reporting, 1099399, Incorrect information on credit report, 
 Consumer loan, 1098155, Taking out the loan or lease, 
 Bank account or service, 1097664, Using a debit or ATM card, 
 Credit card, 1096375, Credit determination, 
 Debt collection, 1094377, Disclosure verification of debt, 
 Student loan, 1094211, Dealing with my lender or servicer, 
 Consumer loan, 1091236, Managing the loan or lease, 
 Consumer loan, 1091234, Managing the loan or lease, 
 Debt collection, 1091214, False statements or representation, 
 Payday loan, 1091411, Received a loan I didn't apply for, 
 Consumer loan, 1091789, Managing the loan or lease, 
 Consumer loan, 1091237, Managing the loan or lease, 
 Consumer loan, 1091253, Managing the loan or lease, 
 Credit reporting, 1087463, Unable to get credit report/credit score, 
 Credit reporting, 1088807, Credit reporting company's investigation, 
 Debt collection, 1087438, Taking/threatening an illegal action, 
 Debt collection, 1087929, Cont'd attempts collect debt not owed, 
 Debt collection, 1089406, False statements or representation, 
 Credit reporting, 1086833, Incorrect information on credit report, 
 Student loan, 1086879, Dealing with my lender or servicer, 
 Bank account or service, 1085173, Using a debit or ATM card, 
 Debt collection, 1083302, Cont'd attempts collect debt not owed, 
 Bank account or service, 1083416, Using a debit or ATM card, 
 Bank account or service, 1083265, Deposits and withdrawals, 
 Credit card, 1082269, Unsolicited issuance of credit card, 
 Consumer loan, 1081928, Taking out the loan or lease, 
 Bank account or service, 1081331, Problems caused by my funds being low, 
 Consumer loan, 1081364, Problems when you are unable to pay, 
 Debt collection, 1081776, Taking/threatening an illegal action, 
 Debt collection, 1081975, Improper contact or sharing of info, 
 Consumer loan, 1081363, Problems when you are unable to pay, 
 Credit reporting, 1079439, Incorrect information on credit report, 
 Money transfers, 1077338, Other service issues, 
 Credit reporting, 1078456, Incorrect information on credit report, 
 Credit reporting, 1078580, Incorrect information on credit report, 
 Credit reporting, 1078582, Incorrect information on credit report, 
 Debt collection, 1077487, Disclosure verification of debt, 
 Credit reporting, 1078255, Credit reporting company's investigation, 
 Credit card, 1078465, Advertising and marketing, 
 Payday loan, 1076902, Payment to acct not credited, 
 Debt collection, 1073433, Improper contact or sharing of info, 
 Payday loan, 1075255, Can't contact lender, 
 Mortgage, 1073526, Credit decision / Underwriting, 
 Credit reporting, 1073075, Incorrect information on credit report, 
 Credit reporting, 1071140, Incorrect information on credit report, 
 Credit reporting, 1071462, Incorrect information on credit report, 
 Mortgage, 1071264, Settlement process and costs, 
 Credit reporting, 1069774, Credit monitoring or identity protection, 
 Credit reporting, 1070733, Incorrect information on credit report, 
 Credit reporting, 1069203, Incorrect information on credit report, 
 Consumer loan, 1070041, Managing the loan or lease, 
 Consumer loan, 1068585, Managing the loan or lease, 
 Credit reporting, 1068632, Credit reporting company's investigation, 
 Debt collection, 1068422, Cont'd attempts collect debt not owed, 
 Credit reporting, 1068139, Unable to get credit report/credit score, 
 Credit card, 1068136, Convenience checks, 
 Debt collection, 1068081, Disclosure verification of debt, 
 Consumer loan, 1066271, Problems when you are unable to pay, 
 Bank account or service, 1067113, Problems caused by my funds being low, 
 Debt collection, 1068080, Disclosure verification of debt, 
 Debt collection, 1066381, Cont'd attempts collect debt not owed, 
 Debt collection, 1064941, False statements or representation, 
 Consumer loan, 1065791, Taking out the loan or lease, 
 Credit card, 1065819, Customer service / Customer relations, 
 Debt collection, 1064942, False statements or representation, 
 Debt collection, 1062754, Disclosure verification of debt, 
 Credit reporting, 1062755, Incorrect information on credit report, 
 Debt collection, 1063854, Communication tactics, 
 Credit reporting, 1060749, Incorrect information on credit report, 
 Credit reporting, 1060682, Incorrect information on credit report, 
 Bank account or service, 1062760, Problems caused by my funds being low, 
 Consumer loan, 1062109, Shopping for a loan or lease, 
 Credit card, 1058821, Identity theft / Fraud / Embezzlement, 
 Debt collection, 1058190, Cont'd attempts collect debt not owed, 
 Debt collection, 1057267, Improper contact or sharing of info, 
 Debt collection, 1057660, Disclosure verification of debt, 
 Debt collection, 1055073, Taking/threatening an illegal action, 
 Debt collection, 1055074, Taking/threatening an illegal action, 
 Credit reporting, 1055111, Incorrect information on credit report, 
 Credit reporting, 1054600, Incorrect information on credit report, 
 Consumer loan, 1053419, Taking out the loan or lease, 
 Credit reporting, 1052477, Credit reporting company's investigation, 
 Credit reporting, 1051816, Credit reporting company's investigation, 
 Bank account or service, 1052074, Problems caused by my funds being low, 
 Debt collection, 1052729, Disclosure verification of debt, 
 Consumer loan, 1052731, Problems when you are unable to pay, 
 Credit reporting, 1049611, Unable to get credit report/credit score, 
 Payday loan, 1048099, Can't stop charges to bank account, 
 Bank account or service, 1048100, Deposits and withdrawals, 
 Payday loan, 1048101, Can't stop charges to bank account, 
 Debt collection, 1048148, Taking/threatening an illegal action, 
 Credit card, 1048249, Advertising and marketing, 
 Debt collection, 1044908, Improper contact or sharing of info, 
 Debt collection, 1044912, Communication tactics, 
 Bank account or service, 1045754, Problems caused by my funds being low, 
 Credit card, 1043646, Billing disputes, 
 Consumer loan, 1042149, Problems when you are unable to pay, 
 Debt collection, 1042533, Cont'd attempts collect debt not owed, 
 Consumer loan, 1042463, Managing the loan or lease, 
 Debt collection, 1042531, Cont'd attempts collect debt not owed, 
 Bank account or service, 1042540, Problems caused by my funds being low, 
 Bank account or service, 1043208, Problems caused by my funds being low, 
 Consumer loan, 1040618, Problems when you are unable to pay, 
 Credit card, 1040844, Closing/Cancelling account, 
 Debt collection, 1041441, Disclosure verification of debt, 
 Credit card, 1041451, Identity theft / Fraud / Embezzlement, 
 Consumer loan, 1042375, Managing the loan or lease, 
 Credit reporting, 1038466, Incorrect information on credit report, 
 Credit card, 1039897, Credit determination, 
 Debt collection, 1040513, Improper contact or sharing of info, 
 Credit reporting, 1037887, Incorrect information on credit report, 
 Debt collection, 1036510, Communication tactics, 
 Debt collection, 1036509, Communication tactics, 
 Debt collection, 1036900, Cont'd attempts collect debt not owed, 
 Bank account or service, 1037335, Deposits and withdrawals, 
 Debt collection, 1034214, Communication tactics, 
 Consumer loan, 1034907, Managing the loan or lease, 
 Mortgage, 1036098, Credit decision / Underwriting, 
 Debt collection, 1033160, Cont'd attempts collect debt not owed, 
 Bank account or service, 1035479, Deposits and withdrawals, 
 Consumer loan, 1034092, Managing the loan or lease, 
 Debt collection, 1032453, Communication tactics, 
 Student loan, 1033457, Can't repay my loan, 
 Debt collection, 1031145, Disclosure verification of debt, 
 Debt collection, 1030155, Improper contact or sharing of info, 
 Bank account or service, 1029446, Using a debit or ATM card, 
 Debt collection, 1027907, Cont'd attempts collect debt not owed, 
 Credit reporting, 1026684, Incorrect information on credit report, 
 Credit reporting, 1026685, Incorrect information on credit report, 
 Credit card, 1027172, Identity theft / Fraud / Embezzlement, 
 Consumer loan, 1027685, Problems when you are unable to pay, 
 Credit reporting, 1027691, Incorrect information on credit report, 
 Money transfers, 1026155, Money was not available when promised, 
 Student loan, 1026371, Can't repay my loan, 
 Credit card, 1024518, Other, 
 Credit card, 1024517, Other, 
 Credit card, 1024516, Other, 
 Credit reporting, 1025204, Credit monitoring or identity protection, 
 Debt collection, 1023027, Communication tactics, 
 Debt collection, 1023112, Cont'd attempts collect debt not owed, 
 Bank account or service, 1021328, Deposits and withdrawals, 
 Debt collection, 1019112, Communication tactics, 
 Payday loan, 1019407, Charged bank acct wrong day or amt, 
 Credit reporting, 1017716, Incorrect information on credit report, 
 Consumer loan, 1017630, Problems when you are unable to pay, 
 Consumer loan, 1015770, Taking out the loan or lease, 
 Debt collection, 1015898, Disclosure verification of debt, 
 Debt collection, 1016350, Communication tactics, 
 Consumer loan, 1013989, Taking out the loan or lease, 
 Mortgage, 1014018, Settlement process and costs, 
 Debt collection, 1014219, Improper contact or sharing of info, 
 Consumer loan, 1014490, Managing the loan or lease, 
 Consumer loan, 1014819, Managing the loan or lease, 
 Credit reporting, 1015675, Unable to get credit report/credit score, 
 Credit card, 1014963, APR or interest rate, 
 Consumer loan, 1012132, Taking out the loan or lease, 
 Debt collection, 1012485, Communication tactics, 
 Debt collection, 1010788, Cont'd attempts collect debt not owed, 
 Debt collection, 1010787, Taking/threatening an illegal action, 
 Credit card, 1009806, Other, 
 Payday loan, 1010136, Applied for loan/did not receive money, 
 Payday loan, 1010032, Payment to acct not credited, 
 Money transfers, 1009237, Other service issues, 
 Student loan, 1005770, Can't repay my loan, 
 Credit card, 1004167, Billing disputes, 
 Debt collection, 1004720, Taking/threatening an illegal action, 
 Debt collection, 1004719, Taking/threatening an illegal action, 
 Bank account or service, 1000891, Deposits and withdrawals, 
 Credit reporting, 1001656, Incorrect information on credit report, 
 Credit card, 1001655, Delinquent account, 
 Credit reporting, 1003408, Credit monitoring or identity protection, 
 Debt collection, 999413, Communication tactics, 
 Mortgage, 999598, Credit decision / Underwriting, 
 Consumer loan, 998404, Problems when you are unable to pay, 
 Debt collection, 997158, Cont'd attempts collect debt not owed, 
 Debt collection, 996417, Communication tactics, 
 Student loan, 997769, Dealing with my lender or servicer, 
 Debt collection, 996727, Cont'd attempts collect debt not owed, 
 Credit card, 998329, Billing disputes, 
 Credit reporting, 995741, Incorrect information on credit report, 
 Debt collection, 996076, Disclosure verification of debt, 
 Consumer loan, 996616, Shopping for a line of credit, 
 Consumer loan, 992641, Problems when you are unable to pay, 
 Bank account or service, 992224, Deposits and withdrawals, 
 Consumer loan, 992381, Problems when you are unable to pay, 
 Debt collection, 992597, Improper contact or sharing of info, 
 Debt collection, 992596, Improper contact or sharing of info, 
 Credit card, 990114, Identity theft / Fraud / Embezzlement, 
 Student loan, 991703, Dealing with my lender or servicer, 
 Debt collection, 990391, Communication tactics, 
 Debt collection, 989014, Cont'd attempts collect debt not owed, 
 Debt collection, 989187, Cont'd attempts collect debt not owed, 
 Debt collection, 989188, Cont'd attempts collect debt not owed, 
 Credit reporting, 989622, Improper use of my credit report, 
 Credit card, 987915, Identity theft / Fraud / Embezzlement, 
 Debt collection, 987511, Cont'd attempts collect debt not owed, 
 Debt collection, 986339, Disclosure verification of debt, 
 Credit reporting, 986340, Unable to get credit report/credit score, 
 Credit card, 984435, Transaction issue, 
 Debt collection, 981580, Cont'd attempts collect debt not owed, 
 Debt collection, 981572, Cont'd attempts collect debt not owed, 
 Debt collection, 981574, Cont'd attempts collect debt not owed, 
 Mortgage, 982747, Settlement process and costs, 
 Mortgage, 982890, Settlement process and costs, 
 Bank account or service, 981689, Deposits and withdrawals, 
 Debt collection, 983320, Cont'd attempts collect debt not owed, 
 Consumer loan, 979389, Managing the loan or lease, 
 Bank account or service, 981115, Deposits and withdrawals, 
 Student loan, 981116, Can't repay my loan, 
 Consumer loan, 979388, Managing the loan or lease, 
 Debt collection, 979623, Cont'd attempts collect debt not owed, 
 Bank account or service, 977620, Deposits and withdrawals, 
 Credit card, 977690, Credit line increase/decrease, 
 Credit reporting, 975392, Incorrect information on credit report, 
 Consumer loan, 972840, Taking out the loan or lease, 
 Bank account or service, 973035, Deposits and withdrawals, 
 Credit reporting, 973453, Unable to get credit report/credit score, 
 Debt collection, 973819, Communication tactics, 
 Credit reporting, 974074, Improper use of my credit report, 
 Debt collection, 971132, Communication tactics, 
 Bank account or service, 973012, Using a debit or ATM card, 
 Mortgage, 973399, Settlement process and costs, 
 Credit reporting, 970622, Incorrect information on credit report, 
 Credit reporting, 970621, Incorrect information on credit report, 
 Credit reporting, 970620, Incorrect information on credit report, 
 Consumer loan, 968918, Managing the loan or lease, 
 Debt collection, 969750, Disclosure verification of debt, 
 Payday loan, 969629, Applied for loan/did not receive money, 
 Bank account or service, 966532, Problems caused by my funds being low, 
 Debt collection, 966079, Disclosure verification of debt, 
 Debt collection, 964048, Taking/threatening an illegal action, 
 Payday loan, 964320, Can't contact lender, 
 Consumer loan, 964663, Managing the loan or lease, 
 Credit card, 962932, Identity theft / Fraud / Embezzlement, 
 Debt collection, 962833, Improper contact or sharing of info, 
 Payday loan, 963065, Can't contact lender, 
 Debt collection, 963566, Taking/threatening an illegal action, 
 Credit card, 960169, APR or interest rate, 
 Debt collection, 960529, Disclosure verification of debt, 
 Credit reporting, 962219, Incorrect information on credit report, 
 Payday loan, 962251, Charged fees or interest I didn't expect, 
 Credit reporting, 958678, Incorrect information on credit report, 
 Credit reporting, 958677, Incorrect information on credit report, 
 Credit reporting, 958674, Incorrect information on credit report, 
 Credit reporting, 958675, Incorrect information on credit report, 
 Credit reporting, 958679, Incorrect information on credit report, 
 Credit reporting, 958680, Incorrect information on credit report, 
 Credit reporting, 957999, Incorrect information on credit report, 
 Debt collection, 956191, Cont'd attempts collect debt not owed, 
 Debt collection, 956495, Taking/threatening an illegal action, 
 Consumer loan, 956000, Problems when you are unable to pay, 
 Credit reporting, 956971, Unable to get credit report/credit score, 
 Credit reporting, 957289, Unable to get credit report/credit score, 
 Debt collection, 957236, Improper contact or sharing of info, 
 Consumer loan, 955881, Problems when you are unable to pay, 
 Credit reporting, 955422, Incorrect information on credit report, 
 Consumer loan, 955754, Shopping for a loan or lease, 
 Debt collection, 953817, Communication tactics, 
 Consumer loan, 953910, Managing the loan or lease, 
 Debt collection, 954330, Taking/threatening an illegal action, 
 Student loan, 954699, Can't repay my loan, 
 Credit card, 951645, Balance transfer fee, 
 Consumer loan, 951992, Taking out the loan or lease, 
 Credit reporting, 952822, Incorrect information on credit report, 
 Debt collection, 952033, Improper contact or sharing of info, 
 Debt collection, 953731, Communication tactics, 
 Credit card, 952535, Billing disputes, 
 Mortgage, 950679, Settlement process and costs, 
 Consumer loan, 950877, Problems when you are unable to pay, 
 Consumer loan, 950875, Problems when you are unable to pay, 
 Credit reporting, 950364, Incorrect information on credit report, 
 Credit card, 950469, Other, 
 Credit card, 949746, Billing statement, 
 Credit reporting, 950849, Incorrect information on credit report, 
 Credit reporting, 950878, Incorrect information on credit report, 
 Consumer loan, 948427, Taking out the loan or lease, 
 Debt collection, 948708, Communication tactics, 
 Consumer loan, 947946, Problems when you are unable to pay, 
 Debt collection, 947765, Communication tactics, 
 Debt collection, 947981, Disclosure verification of debt, 
 Debt collection, 946489, Disclosure verification of debt, 
 Credit reporting, 944796, Unable to get credit report/credit score, 
 Consumer loan, 943499, Managing the loan or lease, 
 Debt collection, 944180, Cont'd attempts collect debt not owed, 
 Student loan, 941697, Can't repay my loan, 
 Debt collection, 942252, Communication tactics, 
 Credit card, 940954, Other, 
 Debt collection, 941092, Cont'd attempts collect debt not owed, 
 Credit reporting, 939575, Incorrect information on credit report, 
 Debt collection, 939387, Communication tactics, 
 Consumer loan, 940251, Taking out the loan or lease, 
 Debt collection, 940179, Cont'd attempts collect debt not owed, 
 Debt collection, 940244, Communication tactics, 
 Debt collection, 939041, Communication tactics, 
 Debt collection, 937413, Taking/threatening an illegal action, 
 Debt collection, 934996, Communication tactics, 
 Debt collection, 935167, Communication tactics, 
 Bank account or service, 934817, Deposits and withdrawals, 
 Debt collection, 933048, Communication tactics, 
 Credit reporting, 933987, Incorrect information on credit report, 
 Credit reporting, 933988, Incorrect information on credit report, 
 Credit reporting, 932703, Incorrect information on credit report, 
 Debt collection, 931298, Cont'd attempts collect debt not owed, 
 Credit reporting, 931743, Incorrect information on credit report, 
 Credit reporting, 931738, Incorrect information on credit report, 
 Credit card, 931737, Other, 
 Credit reporting, 931744, Incorrect information on credit report, 
 Student loan, 932690, Can't repay my loan, 
 Debt collection, 932739, Cont'd attempts collect debt not owed, 
 Credit reporting, 932241, Incorrect information on credit report, 
 Credit reporting, 929416, Incorrect information on credit report, 
 Debt collection, 929677, Disclosure verification of debt, 
 Debt collection, 930152, Improper contact or sharing of info, 
 Debt collection, 930153, Communication tactics, 
 Credit reporting, 926868, Incorrect information on credit report, 
 Bank account or service, 927577, Deposits and withdrawals, 
 Mortgage, 928016, Settlement process and costs, 
 Credit card, 926921, Identity theft / Fraud / Embezzlement, 
 Credit reporting, 928361, Incorrect information on credit report, 
 Debt collection, 928468, Improper contact or sharing of info, 
 Credit reporting, 924445, Incorrect information on credit report, 
 Credit card, 926005, Other, 
 Credit reporting, 926554, Incorrect information on credit report, 
 Credit reporting, 923798, Incorrect information on credit report, 
 Credit reporting, 923941, Incorrect information on credit report, 
 Credit reporting, 923943, Incorrect information on credit report, 
 Credit reporting, 922324, Incorrect information on credit report, 
 Credit reporting, 922323, Incorrect information on credit report, 
 Credit card, 922322, Billing disputes, 
 Credit reporting, 922325, Incorrect information on credit report, 
 Credit reporting, 923942, Incorrect information on credit report, 
 Mortgage, 921113, Credit decision / Underwriting, 
 Debt collection, 921996, Cont'd attempts collect debt not owed, 
 Student loan, 921650, Dealing with my lender or servicer, 
 Credit reporting, 922492, Improper use of my credit report, 
 Credit reporting, 922493, Improper use of my credit report, 
 Credit card, 920283, Sale of account, 
 Bank account or service, 919330, Deposits and withdrawals, 
 Debt collection, 919443, Communication tactics, 
 Bank account or service, 919605, Using a debit or ATM card, 
 Credit reporting, 920109, Credit reporting company's investigation, 
 Debt collection, 917112, Cont'd attempts collect debt not owed, 
 Debt collection, 917731, Communication tactics, 
 Debt collection, 916134, Cont'd attempts collect debt not owed, 
 Credit card, 914823, Late fee, 
 Debt collection, 914247, Cont'd attempts collect debt not owed, 
 Debt collection, 913493, Disclosure verification of debt, 
 Debt collection, 913494, Disclosure verification of debt, 
 Credit card, 913700, Balance transfer, 
 Debt collection, 912230, Disclosure verification of debt, 
 Debt collection, 912458, Disclosure verification of debt, 
 Debt collection, 912459, Disclosure verification of debt, 
 Debt collection, 912604, Improper contact or sharing of info, 
 Credit reporting, 909650, Incorrect information on credit report, 
 Credit reporting, 911435, Incorrect information on credit report, 
 Credit reporting, 911434, Incorrect information on credit report, 
 Credit reporting, 908172, Incorrect information on credit report, 
 Debt collection, 909449, Communication tactics, 
 Credit reporting, 909579, Incorrect information on credit report, 
 Credit reporting, 909578, Incorrect information on credit report, 
 Credit reporting, 909580, Incorrect information on credit report, 
 Credit card, 908482, Billing disputes, 
 Debt collection, 908385, Cont'd attempts collect debt not owed, 
 Credit reporting, 906818, Credit reporting company's investigation, 
 Debt collection, 907011, Communication tactics, 
 Bank account or service, 907074, Deposits and withdrawals, 
 Credit reporting, 905610, Incorrect information on credit report, 
 Credit reporting, 905828, Unable to get credit report/credit score, 
 Credit reporting, 907578, Improper use of my credit report, 
 Credit reporting, 908169, Incorrect information on credit report, 
 Credit reporting, 908170, Incorrect information on credit report, 
 Credit reporting, 908171, Incorrect information on credit report, 
 Payday loan, 905282, Charged fees or interest I didn't expect, 
 Payday loan, 905281, Charged fees or interest I didn't expect, 
 Credit reporting, 903679, Improper use of my credit report, 
 Student loan, 903745, Dealing with my lender or servicer, 
 Debt collection, 903759, Cont'd attempts collect debt not owed, 
 Payday loan, 904570, Applied for loan/did not receive money, 
 Debt collection, 903506, Cont'd attempts collect debt not owed, 
 Debt collection, 903505, Cont'd attempts collect debt not owed, 
 Bank account or service, 902541, Problems caused by my funds being low, 
 Credit card, 903266, Sale of account, 
 Student loan, 900028, Can't repay my loan, 
 Debt collection, 901595, Disclosure verification of debt, 
 Debt collection, 900293, Cont'd attempts collect debt not owed, 
 Debt collection, 899520, Communication tactics, 
 Credit reporting, 898668, Unable to get credit report/credit score, 
 Student loan, 897930, Dealing with my lender or servicer, 
 Credit reporting, 898072, Incorrect information on credit report, 
 Credit card, 895834, APR or interest rate, 
 Debt collection, 897845, Cont'd attempts collect debt not owed, 
 Credit reporting, 895960, Credit reporting company's investigation, 
 Bank account or service, 895582, Problems caused by my funds being low, 
 Student loan, 895412, Can't repay my loan, 
 Bank account or service, 893500, Using a debit or ATM card, 
 Debt collection, 893015, Cont'd attempts collect debt not owed, 
 Bank account or service, 892872, Using a debit or ATM card, 
 Debt collection, 892882, Disclosure verification of debt, 
 Debt collection, 891684, Disclosure verification of debt, 
 Debt collection, 891683, Disclosure verification of debt, 
 Credit reporting, 891347, Incorrect information on credit report, 
 Debt collection, 890633, Disclosure verification of debt, 
 Consumer loan, 887989, Problems when you are unable to pay, 
 Debt collection, 886883, Communication tactics, 
 Debt collection, 885901, Improper contact or sharing of info, 
 Debt collection, 882019, Disclosure verification of debt, 
 Debt collection, 881960, Communication tactics, 
 Mortgage, 881119, Credit decision / Underwriting, 
 Debt collection, 878776, Disclosure verification of debt, 
 Credit reporting, 879321, Incorrect information on credit report, 
 Credit reporting, 877144, Incorrect information on credit report, 
 Debt collection, 877591, Cont'd attempts collect debt not owed, 
 Debt collection, 877590, Cont'd attempts collect debt not owed, 
 Debt collection, 875897, Communication tactics, 
 Mortgage, 875300, Credit decision / Underwriting, 
 Debt collection, 875654, Communication tactics, 
 Credit reporting, 873926, Incorrect information on credit report, 
 Credit reporting, 873925, Incorrect information on credit report, 
 Credit reporting, 872619, Incorrect information on credit report, 
 Debt collection, 872664, Communication tactics, 
 Debt collection, 872663, Communication tactics, 
 Consumer loan, 873276, Managing the loan or lease, 
 Consumer loan, 873302, Managing the loan or lease, 
 Credit reporting, 873471, Incorrect information on credit report, 
 Credit reporting, 873472, Incorrect information on credit report, 
 Mortgage, 873769, Other, 
 Credit reporting, 873968, Credit reporting company's investigation, 
 Debt collection, 873772, Cont'd attempts collect debt not owed, 
 Debt collection, 871940, Cont'd attempts collect debt not owed, 
 Debt collection, 871934, Cont'd attempts collect debt not owed, 
 Debt collection, 871938, Cont'd attempts collect debt not owed, 
 Debt collection, 871937, Cont'd attempts collect debt not owed, 
 Debt collection, 871935, Cont'd attempts collect debt not owed, 
 Debt collection, 871946, Cont'd attempts collect debt not owed, 
 Student loan, 871970, Can't repay my loan, 
 Debt collection, 871967, Communication tactics, 
 Student loan, 872119, Can't repay my loan, 
 Credit reporting, 867091, Incorrect information on credit report, 
 Credit card, 867103, Billing disputes, 
 Credit reporting, 867104, Incorrect information on credit report, 
 Credit reporting, 867105, Incorrect information on credit report, 
 Credit card, 865939, Other, 
 Debt collection, 864214, Cont'd attempts collect debt not owed, 
 Credit reporting, 864223, Incorrect information on credit report, 
 Debt collection, 864447, Taking/threatening an illegal action, 
 Debt collection, 865237, Cont'd attempts collect debt not owed, 
 Credit card, 865482, Other, 
 Debt collection, 865479, Cont'd attempts collect debt not owed, 
 Consumer loan, 865476, Shopping for a loan or lease, 
 Credit card, 865477, Other, 
 Credit card, 865485, Other, 
 Credit card, 865484, Other, 
 Credit reporting, 863956, Incorrect information on credit report, 
 Credit reporting, 863955, Credit reporting company's investigation, 
 Credit reporting, 863957, Incorrect information on credit report, 
 Consumer loan, 862180, Managing the loan or lease, 
 Debt collection, 862282, Communication tactics, 
 Credit card, 862473, Billing disputes, 
 Bank account or service, 862502, Problems caused by my funds being low, 
 Debt collection, 862524, Communication tactics, 
 Credit reporting, 860581, Incorrect information on credit report, 
 Debt collection, 860915, Taking/threatening an illegal action, 
 Debt collection, 860914, Taking/threatening an illegal action, 
 Credit card, 860912, Other, 
 Debt collection, 861246, False statements or representation, 
 Credit card, 861509, Identity theft / Fraud / Embezzlement, 
 Credit card, 861508, Identity theft / Fraud / Embezzlement, 
 Bank account or service, 861389, Problems caused by my funds being low, 
 Credit reporting, 861419, Incorrect information on credit report, 
 Credit reporting, 861933, Credit reporting company's investigation, 
 Consumer loan, 858993, Problems when you are unable to pay, 
 Debt collection, 857897, Disclosure verification of debt, 
 Debt collection, 860022, Communication tactics, 
 Debt collection, 856213, Communication tactics, 
 Debt collection, 856331, Disclosure verification of debt, 
 Debt collection, 857048, False statements or representation, 
 Student loan, 857120, Can't repay my loan, 
 Debt collection, 855544, Improper contact or sharing of info, 
 Credit card, 853807, APR or interest rate, 
 Consumer loan, 853504, Problems when you are unable to pay, 
 Credit reporting, 853678, Incorrect information on credit report, 
 Debt collection, 852215, Cont'd attempts collect debt not owed, 
 Debt collection, 850679, Improper contact or sharing of info, 
 Credit reporting, 848641, Incorrect information on credit report, 
 Debt collection, 850805, Communication tactics, 
 Debt collection, 850806, Communication tactics, 
 Credit card, 848526, Billing statement, 
 Credit card, 848552, Rewards, 
 Debt collection, 847138, Cont'd attempts collect debt not owed, 
 Debt collection, 849079, Cont'd attempts collect debt not owed, 
 Debt collection, 849081, Cont'd attempts collect debt not owed, 
 Debt collection, 847775, Disclosure verification of debt, 
 Student loan, 846541, Dealing with my lender or servicer, 
 Consumer loan, 844276, Managing the loan or lease, 
 Credit reporting, 843097, Unable to get credit report/credit score, 
 Credit reporting, 843098, Unable to get credit report/credit score, 
 Debt collection, 843404, Improper contact or sharing of info, 
 Debt collection, 844064, Cont'd attempts collect debt not owed, 
 Debt collection, 843601, Improper contact or sharing of info, 
 Debt collection, 841365, Communication tactics, 
 Debt collection, 841955, Cont'd attempts collect debt not owed, 
 Debt collection, 842303, Cont'd attempts collect debt not owed, 
 Credit reporting, 842438, Incorrect information on credit report, 
 Bank account or service, 841002, Deposits and withdrawals, 
 Credit reporting, 839829, Incorrect information on credit report, 
 Debt collection, 839882, Communication tactics, 
 Credit reporting, 839943, Incorrect information on credit report, 
 Credit reporting, 840376, Incorrect information on credit report, 
 Credit reporting, 840377, Incorrect information on credit report, 
 Debt collection, 838681, Improper contact or sharing of info, 
 Debt collection, 838682, Improper contact or sharing of info, 
 Debt collection, 837618, Communication tactics, 
 Credit reporting, 835890, Incorrect information on credit report, 
 Mortgage, 836479, Credit decision / Underwriting, 
 Credit card, 834914, Identity theft / Fraud / Embezzlement, 
 Consumer loan, 833106, Taking out the loan or lease, 
 Consumer loan, 833115, Taking out the loan or lease, 
 Credit reporting, 831307, Credit reporting company's investigation, 
 Credit reporting, 829813, Credit monitoring or identity protection, 
 Credit card, 830099, Customer service / Customer relations, 
 Credit reporting, 830202, Unable to get credit report/credit score, 
 Bank account or service, 830525, Problems caused by my funds being low, 
 Debt collection, 830587, Cont'd attempts collect debt not owed, 
 Debt collection, 829589, Taking/threatening an illegal action, 
 Debt collection, 829588, Taking/threatening an illegal action, 
 Credit reporting, 829349, Credit reporting company's investigation, 
 Debt collection, 820280, Disclosure verification of debt, 
 Debt collection, 820279, Improper contact or sharing of info, 
 Debt collection, 820634, Cont'd attempts collect debt not owed, 
 Debt collection, 825915, Cont'd attempts collect debt not owed, 
 Credit card, 826030, APR or interest rate, 
 Credit reporting, 826797, Incorrect information on credit report, 
 Debt collection, 823871, Taking/threatening an illegal action, 
 Credit reporting, 824314, Incorrect information on credit report, 
 Credit reporting, 825121, Incorrect information on credit report, 
 Credit reporting, 825120, Incorrect information on credit report, 
 Credit reporting, 822805, Credit monitoring or identity protection, 
 Debt collection, 820920, Communication tactics, 
 Credit reporting, 823165, Incorrect information on credit report, 
 Credit card, 820219, Customer service / Customer relations, 
 Debt collection, 820953, False statements or representation, 
 Credit reporting, 817221, Incorrect information on credit report, 
 Credit reporting, 817220, Incorrect information on credit report, 
 Credit reporting, 817219, Incorrect information on credit report, 
 Debt collection, 816087, Cont'd attempts collect debt not owed, 
 Debt collection, 814734, Disclosure verification of debt, 
 Credit reporting, 814654, Incorrect information on credit report, 
 Debt collection, 814733, Disclosure verification of debt, 
 Debt collection, 814735, Disclosure verification of debt, 
 Credit reporting, 815663, Incorrect information on credit report, 
 Credit reporting, 815664, Incorrect information on credit report, 
 Credit reporting, 815665, Incorrect information on credit report, 
 Credit reporting, 812697, Improper use of my credit report, 
 Consumer loan, 812780, Problems when you are unable to pay, 
 Credit reporting, 812983, Incorrect information on credit report, 
 Credit reporting, 812940, Unable to get credit report/credit score, 
 Credit reporting, 813173, Unable to get credit report/credit score, 
 Bank account or service, 812240, Problems caused by my funds being low, 
 Consumer loan, 812203, Managing the loan or lease, 
 Debt collection, 812709, Cont'd attempts collect debt not owed, 
 Debt collection, 812708, Disclosure verification of debt, 
 Credit reporting, 812858, Incorrect information on credit report, 
 Credit reporting, 808636, Incorrect information on credit report, 
 Credit reporting, 808635, Incorrect information on credit report, 
 Bank account or service, 809539, Problems caused by my funds being low, 
 Credit reporting, 808045, Credit reporting company's investigation, 
 Debt collection, 808860, Cont'd attempts collect debt not owed, 
 Debt collection, 807832, Disclosure verification of debt, 
 Consumer loan, 807856, Managing the loan or lease, 
 Credit reporting, 807937, Incorrect information on credit report, 
 Credit reporting, 807876, Incorrect information on credit report, 
 Credit reporting, 806535, Incorrect information on credit report, 
 Debt collection, 805314, Improper contact or sharing of info, 
 Debt collection, 805642, Cont'd attempts collect debt not owed, 
 Credit reporting, 804360, Incorrect information on credit report, 
 Credit reporting, 804416, Incorrect information on credit report, 
 Debt collection, 803269, Communication tactics, 
 Credit card, 803561, Advertising and marketing, 
 Debt collection, 803747, False statements or representation, 
 Credit reporting, 802064, Incorrect information on credit report, 
 Credit reporting, 802088, Incorrect information on credit report, 
 Credit reporting, 802126, Unable to get credit report/credit score, 
 Debt collection, 802475, Cont'd attempts collect debt not owed, 
 Mortgage, 802690, Credit decision / Underwriting, 
 Credit reporting, 800801, Incorrect information on credit report, 
 Credit reporting, 800800, Incorrect information on credit report, 
 Credit reporting, 800799, Incorrect information on credit report, 
 Debt collection, 800818, Communication tactics, 
 Credit reporting, 800828, Incorrect information on credit report, 
 Credit reporting, 801060, Incorrect information on credit report, 
 Credit reporting, 801056, Credit reporting company's investigation, 
 Credit reporting, 801057, Credit reporting company's investigation, 
 Credit reporting, 801158, Incorrect information on credit report, 
 Debt collection, 800181, Disclosure verification of debt, 
 Consumer loan, 800650, Problems when you are unable to pay, 
 Bank account or service, 798631, Problems caused by my funds being low, 
 Debt collection, 798584, Communication tactics, 
 Debt collection, 800258, Cont'd attempts collect debt not owed, 
 Credit reporting, 801698, Credit reporting company's investigation, 
 Bank account or service, 796447, Deposits and withdrawals, 
 Debt collection, 796721, Improper contact or sharing of info, 
 Student loan, 797620, Can't repay my loan, 
 Credit reporting, 795769, Incorrect information on credit report, 
 Debt collection, 795495, Disclosure verification of debt, 
 Credit reporting, 795319, Incorrect information on credit report, 
 Credit reporting, 793408, Improper use of my credit report, 
 Debt collection, 793763, False statements or representation, 
 Credit reporting, 794536, Unable to get credit report/credit score, 
 Debt collection, 794661, Improper contact or sharing of info, 
 Debt collection, 794837, Disclosure verification of debt, 
 Bank account or service, 793526, Deposits and withdrawals, 
 Credit reporting, 791551, Incorrect information on credit report, 
 Credit reporting, 791825, Incorrect information on credit report, 
 Debt collection, 792093, Taking/threatening an illegal action, 
 Mortgage, 792308, Settlement process and costs, 
 Bank account or service, 790819, Deposits and withdrawals, 
 Credit reporting, 787872, Credit reporting company's investigation, 
 Debt collection, 789213, Cont'd attempts collect debt not owed, 
 Consumer loan, 787301, Problems when you are unable to pay, 
 Credit reporting, 787421, Incorrect information on credit report, 
 Debt collection, 785321, Communication tactics, 
 Credit card, 786446, Delinquent account, 
 Debt collection, 786588, Communication tactics, 
 Debt collection, 784825, Communication tactics, 
 Debt collection, 784823, Cont'd attempts collect debt not owed, 
 Debt collection, 784822, Cont'd attempts collect debt not owed, 
 Debt collection, 784821, Cont'd attempts collect debt not owed, 
 Debt collection, 784733, Communication tactics, 
 Debt collection, 784751, Communication tactics, 
 Debt collection, 784820, Cont'd attempts collect debt not owed, 
 Credit reporting, 783151, Incorrect information on credit report, 
 Debt collection, 783723, Cont'd attempts collect debt not owed, 
 Consumer loan, 783732, Problems when you are unable to pay, 
 Debt collection, 784584, Taking/threatening an illegal action, 
 Debt collection, 782962, Cont'd attempts collect debt not owed, 
 Credit card, 780966, Delinquent account, 
 Credit card, 779218, Delinquent account, 
 Credit card, 778358, Identity theft / Fraud / Embezzlement, 
 Debt collection, 776889, False statements or representation, 
 Consumer loan, 777084, Managing the loan or lease, 
 Credit reporting, 776005, Unable to get credit report/credit score, 
 Debt collection, 776360, Cont'd attempts collect debt not owed, 
 Debt collection, 774686, Taking/threatening an illegal action, 
 Credit reporting, 774952, Incorrect information on credit report, 
 Consumer loan, 775244, Managing the loan or lease, 
 Debt collection, 775453, Disclosure verification of debt, 
 Credit reporting, 775871, Incorrect information on credit report, 
 Credit reporting, 775872, Incorrect information on credit report, 
 Credit reporting, 773969, Incorrect information on credit report, 
 Credit reporting, 773968, Incorrect information on credit report, 
 Credit reporting, 773967, Incorrect information on credit report, 
 Debt collection, 774162, Cont'd attempts collect debt not owed, 
 Debt collection, 769226, False statements or representation, 
 Credit reporting, 769546, Incorrect information on credit report, 
 Debt collection, 771184, Cont'd attempts collect debt not owed, 
 Bank account or service, 766472, Deposits and withdrawals, 
 Consumer loan, 764054, Problems when you are unable to pay, 
 Debt collection, 764451, Improper contact or sharing of info, 
 Debt collection, 768497, Cont'd attempts collect debt not owed, 
 Debt collection, 763602, Improper contact or sharing of info, 
 Debt collection, 763637, Taking/threatening an illegal action, 
 Debt collection, 761866, Cont'd attempts collect debt not owed, 
 Credit reporting, 760930, Incorrect information on credit report, 
 Credit reporting, 760564, Incorrect information on credit report, 
 Debt collection, 759105, Cont'd attempts collect debt not owed, 
 Credit card, 763313, Billing disputes, 
 Payday loan, 766870, Can't stop charges to bank account, 
 Debt collection, 758474, Cont'd attempts collect debt not owed, 
 Consumer loan, 768286, Managing the loan or lease, 
 Credit reporting, 767270, Incorrect information on credit report, 
 Debt collection, 757778, Cont'd attempts collect debt not owed, 
 Credit card, 756646, Balance transfer, 
 Credit card, 760101, Other fee, 
 Debt collection, 755999, Cont'd attempts collect debt not owed, 
 Student loan, 756133, Dealing with my lender or servicer, 
 Debt collection, 762914, Cont'd attempts collect debt not owed, 
 Credit reporting, 762844, Incorrect information on credit report, 
 Debt collection, 755638, Cont'd attempts collect debt not owed, 
 Debt collection, 759970, Improper contact or sharing of info, 
 Student loan, 751190, Dealing with my lender or servicer, 
 Payday loan, 753849, Received a loan I didn't apply for, 
 Credit card, 762189, Billing disputes, 
 Debt collection, 749855, Cont'd attempts collect debt not owed, 
 Student loan, 749745, Can't repay my loan, 
 Debt collection, 747638, Taking/threatening an illegal action, 
 Debt collection, 746269, False statements or representation, 
 Bank account or service, 746686, Deposits and withdrawals, 
 Bank account or service, 747952, Deposits and withdrawals, 
 Credit card, 748971, Billing disputes, 
 Debt collection, 743697, Communication tactics, 
 Debt collection, 743930, Communication tactics, 
 Bank account or service, 744759, Deposits and withdrawals, 
 Credit card, 744205, Closing/Cancelling account, 
 Debt collection, 745241, Cont'd attempts collect debt not owed, 
 Debt collection, 745311, Communication tactics, 
 Debt collection, 745312, Communication tactics, 
 Debt collection, 742177, False statements or representation, 
 Debt collection, 743532, Taking/threatening an illegal action, 
 Debt collection, 742633, Cont'd attempts collect debt not owed, 
 Debt collection, 742802, Improper contact or sharing of info, 
 Credit reporting, 739879, Incorrect information on credit report, 
 Credit reporting, 739544, Incorrect information on credit report, 
 Debt collection, 739694, False statements or representation, 
 Debt collection, 741574, Taking/threatening an illegal action, 
 Credit reporting, 739664, Incorrect information on credit report, 
 Debt collection, 736740, Communication tactics, 
 Debt collection, 738665, Improper contact or sharing of info, 
 Credit reporting, 737875, Incorrect information on credit report, 
 Credit reporting, 737874, Incorrect information on credit report, 
 Credit reporting, 738059, Incorrect information on credit report, 
 Credit reporting, 738058, Incorrect information on credit report, 
 Credit reporting, 738060, Incorrect information on credit report, 
 Bank account or service, 738121, Problems caused by my funds being low, 
 Credit reporting, 738598, Incorrect information on credit report, 
 Bank account or service, 735828, Problems caused by my funds being low, 
 Student loan, 736150, Can't repay my loan, 
 Debt collection, 735011, Cont'd attempts collect debt not owed, 
 Debt collection, 735007, Cont'd attempts collect debt not owed, 
 Debt collection, 735000, Cont'd attempts collect debt not owed, 
 Debt collection, 735550, Cont'd attempts collect debt not owed, 
 Debt collection, 737014, Cont'd attempts collect debt not owed, 
 Debt collection, 731997, Cont'd attempts collect debt not owed, 
 Credit reporting, 731996, Incorrect information on credit report, 
 Credit reporting, 732871, Credit reporting company's investigation, 
 Credit reporting, 732876, Incorrect information on credit report, 
 Debt collection, 733121, Improper contact or sharing of info, 
 Debt collection, 730283, Cont'd attempts collect debt not owed, 
 Credit reporting, 730593, Incorrect information on credit report, 
 Credit reporting, 730789, Unable to get credit report/credit score, 
 Debt collection, 728779, Cont'd attempts collect debt not owed, 
 Credit reporting, 728776, Improper use of my credit report, 
 Debt collection, 728771, Cont'd attempts collect debt not owed, 
 Debt collection, 729272, Cont'd attempts collect debt not owed, 
 Credit reporting, 727875, Incorrect information on credit report, 
 Debt collection, 726636, Cont'd attempts collect debt not owed, 
 Bank account or service, 724847, Problems caused by my funds being low, 
 Debt collection, 724882, Communication tactics, 
 Debt collection, 725764, Cont'd attempts collect debt not owed, 
 Debt collection, 725765, Cont'd attempts collect debt not owed, 
 Debt collection, 725903, False statements or representation, 
 Debt collection, 726117, Disclosure verification of debt, 
 Consumer loan, 727512, Shopping for a line of credit, 
 Credit reporting, 724030, Incorrect information on credit report, 
 Debt collection, 725073, Taking/threatening an illegal action, 
 Debt collection, 721064, Cont'd attempts collect debt not owed, 
 Debt collection, 721130, Cont'd attempts collect debt not owed, 
 Debt collection, 718254, Communication tactics, 
 Credit reporting, 716442, Unable to get credit report/credit score, 
 Debt collection, 716082, Communication tactics, 
 Debt collection, 715035, Cont'd attempts collect debt not owed, 
 Consumer loan, 715372, Managing the loan or lease, 
 Debt collection, 713976, Disclosure verification of debt, 
 Debt collection, 714440, Improper contact or sharing of info, 
 Bank account or service, 715900, Deposits and withdrawals, 
 Bank account or service, 713450, Deposits and withdrawals, 
 Debt collection, 714540, Cont'd attempts collect debt not owed, 
 Debt collection, 712391, Communication tactics, 
 Debt collection, 713068, Cont'd attempts collect debt not owed, 
 Bank account or service, 713485, Deposits and withdrawals, 
 Bank account or service, 717494, Deposits and withdrawals, 
 Consumer loan, 724755, Managing the loan or lease, 
 Credit reporting, 707854, Unable to get credit report/credit score, 
 Credit reporting, 707853, Unable to get credit report/credit score, 
 Student loan, 709668, Dealing with my lender or servicer, 
 Credit reporting, 707112, Incorrect information on credit report, 
 Debt collection, 706193, Disclosure verification of debt, 
 Bank account or service, 704867, Deposits and withdrawals, 
 Debt collection, 705973, Taking/threatening an illegal action, 
 Credit card, 704615, Rewards, 
 Bank account or service, 703755, Problems caused by my funds being low, 
 Credit reporting, 700806, Incorrect information on credit report, 
 Credit card, 703210, Billing statement, 
 Credit reporting, 702900, Incorrect information on credit report, 
 Credit card, 707962, Rewards, 
 Credit reporting, 700293, Credit reporting company's investigation, 
 Bank account or service, 697468, Deposits and withdrawals, 
 Debt collection, 697151, Communication tactics, 
 Credit reporting, 695515, Unable to get credit report/credit score, 
 Debt collection, 695559, Cont'd attempts collect debt not owed, 
 Mortgage, 694492, Credit decision / Underwriting, 
 Student loan, 694770, Dealing with my lender or servicer, 
 Credit card, 695285, Credit card protection / Debt protection, 
 Credit reporting, 695923, Incorrect information on credit report, 
 Student loan, 692441, Can't repay my loan, 
 Mortgage, 693514, Credit decision / Underwriting, 
 Credit reporting, 696463, Incorrect information on credit report, 
 Credit reporting, 696462, Incorrect information on credit report, 
 Credit reporting, 696460, Incorrect information on credit report, 
 Credit reporting, 696472, Incorrect information on credit report, 
 Credit reporting, 696471, Incorrect information on credit report, 
 Credit reporting, 696466, Incorrect information on credit report, 
 Credit reporting, 696465, Incorrect information on credit report, 
 Credit reporting, 696464, Incorrect information on credit report, 
 Credit reporting, 696470, Incorrect information on credit report, 
 Credit reporting, 696469, Incorrect information on credit report, 
 Credit reporting, 696467, Incorrect information on credit report, 
 Credit reporting, 696468, Incorrect information on credit report, 
 Credit reporting, 696474, Incorrect information on credit report, 
 Credit reporting, 696473, Incorrect information on credit report, 
 Debt collection, 689946, Taking/threatening an illegal action, 
 Credit card, 690790, Customer service / Customer relations, 
 Credit reporting, 690175, Incorrect information on credit report, 
 Credit reporting, 690177, Incorrect information on credit report, 
 Credit reporting, 690176, Incorrect information on credit report, 
 Debt collection, 690334, False statements or representation, 
 Bank account or service, 691405, Problems caused by my funds being low, 
 Credit reporting, 687548, Incorrect information on credit report, 
 Credit reporting, 687547, Incorrect information on credit report, 
 Credit reporting, 689891, Incorrect information on credit report, 
 Credit reporting, 685816, Incorrect information on credit report, 
 Credit card, 685721, Identity theft / Fraud / Embezzlement, 
 Credit reporting, 685815, Incorrect information on credit report, 
 Credit reporting, 685814, Incorrect information on credit report, 
 Money transfers, 685792, Fraud or scam, 
 Credit card, 685348, Unsolicited issuance of credit card, 
 Debt collection, 685445, Disclosure verification of debt, 
 Credit card, 682340, APR or interest rate, 
 Mortgage, 683636, Settlement process and costs, 
 Debt collection, 682191, Cont'd attempts collect debt not owed, 
 Debt collection, 680704, Improper contact or sharing of info, 
 Credit reporting, 676797, Credit reporting company's investigation, 
 Debt collection, 677957, Cont'd attempts collect debt not owed, 
 Student loan, 678067, Can't repay my loan, 
 Debt collection, 678693, Communication tactics, 
 Credit reporting, 679362, Incorrect information on credit report, 
 Credit reporting, 679364, Incorrect information on credit report, 
 Credit reporting, 679363, Incorrect information on credit report, 
 Credit reporting, 676027, Incorrect information on credit report, 
 Credit reporting, 676026, Incorrect information on credit report, 
 Credit card, 673797, Closing/Cancelling account, 
 Debt collection, 674413, Communication tactics, 
 Debt collection, 674820, Improper contact or sharing of info, 
 Credit reporting, 675980, Incorrect information on credit report, 
 Credit reporting, 675979, Incorrect information on credit report, 
 Credit reporting, 675978, Incorrect information on credit report, 
 Credit card, 672702, Late fee, 
 Bank account or service, 673057, Deposits and withdrawals, 
 Bank account or service, 676657, Problems caused by my funds being low, 
 Debt collection, 672141, Improper contact or sharing of info, 
 Debt collection, 670769, Disclosure verification of debt, 
 Credit reporting, 670726, Incorrect information on credit report, 
 Debt collection, 672215, Improper contact or sharing of info, 
 Credit card, 669298, Billing disputes, 
 Credit reporting, 665339, Incorrect information on credit report, 
 Credit reporting, 665598, Incorrect information on credit report, 
 Credit reporting, 662555, Incorrect information on credit report, 
 Credit reporting, 662768, Incorrect information on credit report, 
 Consumer loan, 662459, Managing the loan or lease, 
 Student loan, 662657, Can't repay my loan, 
 Credit reporting, 663093, Incorrect information on credit report, 
 Credit reporting, 659613, Unable to get credit report/credit score, 
 Credit card, 658943, Rewards, 
 Credit card, 657878, Credit determination, 
 Consumer loan, 657885, Shopping for a loan or lease, 
 Credit reporting, 657989, Incorrect information on credit report, 
 Bank account or service, 657360, Deposits and withdrawals, 
 Consumer loan, 656566, Managing the loan or lease, 
 Debt collection, 655603, False statements or representation, 
 Credit card, 656131, Credit line increase/decrease, 
 Money transfers, 655103, Incorrect/missing disclosures or info, 
 Credit reporting, 655398, Incorrect information on credit report, 
 Debt collection, 651286, Disclosure verification of debt, 
 Debt collection, 650005, Improper contact or sharing of info, 
 Student loan, 650452, Can't repay my loan, 
 Debt collection, 646306, False statements or representation, 
 Debt collection, 646305, False statements or representation, 
 Credit reporting, 646255, Credit reporting company's investigation, 
 Credit reporting, 646254, Credit reporting company's investigation, 
 Credit reporting, 646253, Credit reporting company's investigation, 
 Bank account or service, 643173, Problems caused by my funds being low, 
 Bank account or service, 644636, Deposits and withdrawals, 
 Consumer loan, 641225, Account terms and changes, 
 Credit reporting, 641671, Incorrect information on credit report, 
 Mortgage, 639924, Settlement process and costs, 
 Debt collection, 642678, Cont'd attempts collect debt not owed, 
 Bank account or service, 640216, Problems caused by my funds being low, 
 Debt collection, 638450, Disclosure verification of debt, 
 Debt collection, 638329, Cont'd attempts collect debt not owed, 
 Debt collection, 636732, Cont'd attempts collect debt not owed, 
 Credit reporting, 634683, Incorrect information on credit report, 
 Student loan, 635084, Repaying your loan, 
 Payday loan, 635100, Charged fees or interest I didn't expect, 
 Debt collection, 635191, Disclosure verification of debt, 
 Credit reporting, 635420, Credit reporting company's investigation, 
 Debt collection, 634184, Taking/threatening an illegal action, 
 Debt collection, 634186, Disclosure verification of debt, 
 Debt collection, 634055, Cont'd attempts collect debt not owed, 
 Credit card, 633961, Identity theft / Fraud / Embezzlement, 
 Debt collection, 633032, Cont'd attempts collect debt not owed, 
 Bank account or service, 632065, Deposits and withdrawals, 
 Credit card, 631060, Billing disputes, 
 Mortgage, 631614, Credit decision / Underwriting, 
 Credit card, 630891, Billing disputes, 
 Consumer loan, 629351, Account terms and changes, 
 Payday loan, 631068, Charged fees or interest I didn't expect, 
 Debt collection, 631166, Taking/threatening an illegal action, 
 Credit reporting, 628743, Incorrect information on credit report, 
 Debt collection, 626109, Cont'd attempts collect debt not owed, 
 Credit reporting, 626648, Credit reporting company's investigation, 
 Student loan, 625438, Problems when you are unable to pay, 
 Credit reporting, 625444, Incorrect information on credit report, 
 Debt collection, 625149, Taking/threatening an illegal action, 
 Credit card, 623249, Closing/Cancelling account, 
 Debt collection, 622726, Disclosure verification of debt, 
 Credit reporting, 621253, Credit reporting company's investigation, 
 Payday loan, 619353, Charged fees or interest I didn't expect, 
 Credit reporting, 620510, Unable to get credit report/credit score, 
 Debt collection, 618684, Disclosure verification of debt, 
 Student loan, 618871, Repaying your loan, 
 Credit reporting, 618206, Incorrect information on credit report, 
 Credit reporting, 618208, Incorrect information on credit report, 
 Credit reporting, 618205, Improper use of my credit report, 
 Credit reporting, 618204, Incorrect information on credit report, 
 Credit reporting, 618211, Incorrect information on credit report, 
 Credit reporting, 618212, Incorrect information on credit report, 
 Credit reporting, 618213, Incorrect information on credit report, 
 Credit reporting, 618209, Incorrect information on credit report, 
 Credit reporting, 618210, Incorrect information on credit report, 
 Credit card, 617300, Identity theft / Fraud / Embezzlement, 
 Debt collection, 618539, Taking/threatening an illegal action, 
 Debt collection, 616539, Improper contact or sharing of info, 
 Student loan, 616124, Problems when you are unable to pay, 
 Credit reporting, 614496, Incorrect information on credit report, 
 Credit card, 615442, Other, 
 Credit card, 615441, Other, 
 Debt collection, 612829, False statements or representation, 
 Debt collection, 612828, False statements or representation, 
 Debt collection, 612784, Taking/threatening an illegal action, 
 Debt collection, 613005, Communication tactics, 
 Credit card, 611755, Identity theft / Fraud / Embezzlement, 
 Debt collection, 611754, Cont'd attempts collect debt not owed, 
 Student loan, 611086, Repaying your loan, 
 Bank account or service, 610334, Problems caused by my funds being low, 
 Credit card, 609884, Late fee, 
 Credit reporting, 609839, Incorrect information on credit report, 
 Credit reporting, 609838, Incorrect information on credit report, 
 Credit reporting, 609837, Incorrect information on credit report, 
 Credit reporting, 609840, Incorrect information on credit report, 
 Credit card, 608502, Billing disputes, 
 Credit reporting, 608551, Credit reporting company's investigation, 
 Debt collection, 607935, Taking/threatening an illegal action, 
 Debt collection, 608276, Communication tactics, 
 Credit card, 607044, Transaction issue, 
 Credit card, 607314, Late fee, 
 Debt collection, 605187, Cont'd attempts collect debt not owed, 
 Debt collection, 607061, Cont'd attempts collect debt not owed, 
 Credit reporting, 604916, Incorrect information on credit report, 
 Debt collection, 605186, Cont'd attempts collect debt not owed, 
 Debt collection, 605190, Cont'd attempts collect debt not owed, 
 Debt collection, 605189, Disclosure verification of debt, 
 Debt collection, 605188, Cont'd attempts collect debt not owed, 
 Debt collection, 605382, Cont'd attempts collect debt not owed, 
 Debt collection, 605384, Cont'd attempts collect debt not owed, 
 Debt collection, 605452, Communication tactics, 
 Bank account or service, 605701, Deposits and withdrawals, 
 Student loan, 607265, Problems when you are unable to pay, 
 Credit reporting, 602869, Incorrect information on credit report, 
 Consumer loan, 603809, Problems when you are unable to pay, 
 Debt collection, 604125, Improper contact or sharing of info, 
 Debt collection, 604378, Cont'd attempts collect debt not owed, 
 Bank account or service, 604370, Deposits and withdrawals, 
 Bank account or service, 602552, Problems caused by my funds being low, 
 Consumer loan, 599937, Managing the loan or lease, 
 Credit reporting, 600408, Incorrect information on credit report, 
 Debt collection, 598366, Communication tactics, 
 Debt collection, 598147, Taking/threatening an illegal action, 
 Credit reporting, 594936, Incorrect information on credit report, 
 Debt collection, 594980, Cont'd attempts collect debt not owed, 
 Consumer loan, 593357, Taking out the loan or lease, 
 Credit reporting, 593379, Unable to get credit report/credit score, 
 Debt collection, 591614, Taking/threatening an illegal action, 
 Payday loan, 591737, Charged fees or interest I didn't expect, 
 Credit reporting, 590250, Improper use of my credit report, 
 Debt collection, 587530, Cont'd attempts collect debt not owed, 
 Credit card, 587786, Credit determination, 
 Credit reporting, 587785, Incorrect information on credit report, 
 Debt collection, 587778, Taking/threatening an illegal action, 
 Student loan, 587477, Repaying your loan, 
 Debt collection, 586085, False statements or representation, 
 Debt collection, 586128, Cont'd attempts collect debt not owed, 
 Debt collection, 584490, Taking/threatening an illegal action, 
 Debt collection, 584492, Taking/threatening an illegal action, 
 Debt collection, 583685, Communication tactics, 
 Mortgage, 581034, Other, 
 Credit reporting, 581445, Incorrect information on credit report, 
 Bank account or service, 582283, Using a debit or ATM card, 
 Mortgage, 579641, Settlement process and costs, 
 Bank account or service, 579087, Deposits and withdrawals, 
 Credit reporting, 577742, Credit reporting company's investigation, 
 Credit card, 577841, Payoff process, 
 Credit card, 578194, Late fee, 
 Credit reporting, 577128, Incorrect information on credit report, 
 Debt collection, 578877, Cont'd attempts collect debt not owed, 
 Credit reporting, 576739, Incorrect information on credit report, 
 Debt collection, 575441, Cont'd attempts collect debt not owed, 
 Debt collection, 575650, Cont'd attempts collect debt not owed, 
 Debt collection, 575698, Improper contact or sharing of info, 
 Debt collection, 575011, Communication tactics, 
 Debt collection, 575012, Communication tactics, 
 Credit card, 573322, Credit card protection / Debt protection, 
 Credit card, 573823, Customer service / Customer relations, 
 Student loan, 574096, Repaying your loan, 
 Consumer loan, 571530, Taking out the loan or lease, 
 Consumer loan, 571792, Managing the loan or lease, 
 Debt collection, 569693, Cont'd attempts collect debt not owed, 
 Credit reporting, 569892, Incorrect information on credit report, 
 Student loan, 570600, Repaying your loan, 
 Debt collection, 568704, Communication tactics, 
 Credit card, 569365, Billing disputes, 
 Debt collection, 567693, Communication tactics, 
 Bank account or service, 567991, Problems caused by my funds being low, 
 Debt collection, 566696, Cont'd attempts collect debt not owed, 
 Credit reporting, 565653, Credit reporting company's investigation, 
 Bank account or service, 564674, Deposits and withdrawals, 
 Credit reporting, 565375, Incorrect information on credit report, 
 Debt collection, 564061, Cont'd attempts collect debt not owed, 
 Debt collection, 563391, Communication tactics, 
 Debt collection, 561928, Improper contact or sharing of info, 
 Credit card, 560071, Delinquent account, 
 Debt collection, 560573, Communication tactics, 
 Debt collection, 558870, Cont'd attempts collect debt not owed, 
 Credit reporting, 557989, Unable to get credit report/credit score, 
 Debt collection, 557136, Cont'd attempts collect debt not owed, 
 Debt collection, 555098, Improper contact or sharing of info, 
 Consumer loan, 554717, Problems when you are unable to pay, 
 Student loan, 554062, Repaying your loan, 
 Credit reporting, 553654, Incorrect information on credit report, 
 Credit reporting, 553655, Incorrect information on credit report, 
 Credit reporting, 551890, Incorrect information on credit report, 
 Credit reporting, 551892, Incorrect information on credit report, 
 Debt collection, 550494, Communication tactics, 
 Credit reporting, 550790, Incorrect information on credit report, 
 Credit reporting, 550789, Incorrect information on credit report, 
 Credit reporting, 550788, Incorrect information on credit report, 
 Debt collection, 547970, Cont'd attempts collect debt not owed, 
 Credit card, 543665, Other, 
 Debt collection, 545160, Communication tactics, 
 Credit card, 543280, Transaction issue, 
 Bank account or service, 540852, Deposits and withdrawals, 
 Debt collection, 539746, Cont'd attempts collect debt not owed, 
 Consumer loan, 538657, Problems when you are unable to pay, 
 Debt collection, 537805, Cont'd attempts collect debt not owed, 
 Debt collection, 537804, Cont'd attempts collect debt not owed, 
 Credit card, 535958, Billing disputes, 
 Credit reporting, 537694, Incorrect information on credit report, 
 Credit reporting, 534614, Incorrect information on credit report, 
 Debt collection, 535729, Cont'd attempts collect debt not owed, 
 Bank account or service, 533200, Deposits and withdrawals, 
 Bank account or service, 532221, Problems caused by my funds being low, 
 Debt collection, 532309, Communication tactics, 
 Debt collection, 532557, Cont'd attempts collect debt not owed, 
 Bank account or service, 528517, Deposits and withdrawals, 
 Consumer loan, 530156, Problems when you are unable to pay, 
 Debt collection, 528249, Communication tactics, 
 Debt collection, 526376, Cont'd attempts collect debt not owed, 
 Debt collection, 523240, Communication tactics, 
 Student loan, 521565, Repaying your loan, 
 Credit reporting, 521281, Credit reporting company's investigation, 
 Credit reporting, 519808, Unable to get credit report/credit score, 
 Credit card, 518899, APR or interest rate, 
 Credit reporting, 518769, Incorrect information on credit report, 
 Debt collection, 517642, Disclosure verification of debt, 
 Credit card, 515959, Other, 
 Mortgage, 515544, Other, 
 Mortgage, 515545, Other, 
 Bank account or service, 515960, Deposits and withdrawals, 
 Credit card, 516129, Billing disputes, 
 Debt collection, 515603, Communication tactics, 
 Bank account or service, 512958, Deposits and withdrawals, 
 Bank account or service, 512567, Deposits and withdrawals, 
 Debt collection, 506355, False statements or representation, 
 Bank account or service, 505573, Using a debit or ATM card, 
 Credit reporting, 501658, Credit reporting company's investigation, 
 Credit reporting, 504871, Unable to get credit report/credit score, 
 Debt collection, 503737, Disclosure verification of debt, 
 Credit reporting, 503518, Incorrect information on credit report, 
 Credit reporting, 503519, Incorrect information on credit report, 
 Credit reporting, 503520, Incorrect information on credit report, 
 Credit reporting, 503530, Improper use of my credit report, 
 Credit reporting, 503529, Improper use of my credit report, 
 Credit reporting, 503528, Improper use of my credit report, 
 Mortgage, 500068, Settlement process and costs, 
 Credit card, 499731, Billing disputes, 
 Credit card, 496677, Other, 
 Credit card, 496675, Forbearance / Workout plans, 
 Credit card, 496672, Forbearance / Workout plans, 
 Credit card, 496673, Forbearance / Workout plans, 
 Credit card, 496674, Forbearance / Workout plans, 
 Credit card, 496676, Forbearance / Workout plans, 
 Credit card, 498141, APR or interest rate, 
 Student loan, 495338, Repaying your loan, 
 Debt collection, 495414, Communication tactics, 
 Debt collection, 495695, Improper contact or sharing of info, 
 Debt collection, 493557, Cont'd attempts collect debt not owed, 
 Credit reporting, 489995, Incorrect information on credit report, 
 Debt collection, 489992, Cont'd attempts collect debt not owed, 
 Consumer loan, 490635, Managing the loan or lease, 
 Credit card, 489965, Customer service / Customer relations, 
 Credit reporting, 491165, Improper use of my credit report, 
 Credit reporting, 491168, Incorrect information on credit report, 
 Credit reporting, 491176, Incorrect information on credit report, 
 Debt collection, 491437, Disclosure verification of debt, 
 Credit reporting, 489189, Incorrect information on credit report, 
 Credit reporting, 489190, Incorrect information on credit report, 
 Credit reporting, 489191, Incorrect information on credit report, 
 Debt collection, 486659, Cont'd attempts collect debt not owed, 
 Credit reporting, 486253, Credit reporting company's investigation, 
 Credit card, 485370, Other, 
 Mortgage, 483549, Settlement process and costs, 
 Debt collection, 493001, False statements or representation, 
 Debt collection, 484977, Cont'd attempts collect debt not owed, 
 Mortgage, 484994, Settlement process and costs, 
 Bank account or service, 483046, Deposits and withdrawals, 
 Bank account or service, 483047, Problems caused by my funds being low, 
 Bank account or service, 483107, Deposits and withdrawals, 
 Debt collection, 481199, Disclosure verification of debt, 
 Credit card, 481788, Other, 
 Debt collection, 481816, Cont'd attempts collect debt not owed, 
 Consumer loan, 473680, Managing the loan or lease, 
 Debt collection, 473495, Cont'd attempts collect debt not owed, 
 Credit card, 473619, Other, 
 Debt collection, 472603, Improper contact or sharing of info, 
 Debt collection, 473248, False statements or representation, 
 Debt collection, 473247, False statements or representation, 
 Debt collection, 473421, Improper contact or sharing of info, 
 Debt collection, 473420, Improper contact or sharing of info, 
 Bank account or service, 472504, Using a debit or ATM card, 
 Consumer loan, 480530, Shopping for a loan or lease, 
 Credit reporting, 476098, Incorrect information on credit report, 
 Consumer loan, 476099, Problems when you are unable to pay, 
 Bank account or service, 471424, Problems caused by my funds being low, 
 Credit reporting, 474929, Incorrect information on credit report, 
 Credit reporting, 474928, Credit reporting company's investigation, 
 Credit reporting, 468617, Incorrect information on credit report, 
 Credit reporting, 479888, Incorrect information on credit report, 
 Debt collection, 479885, Cont'd attempts collect debt not owed, 
 Credit reporting, 479889, Incorrect information on credit report, 
 Credit reporting, 462468, Unable to get credit report/credit score, 
 Credit reporting, 462467, Unable to get credit report/credit score, 
 Debt collection, 466170, Cont'd attempts collect debt not owed, 
 Credit reporting, 467098, Incorrect information on credit report, 
 Debt collection, 467096, Cont'd attempts collect debt not owed, 
 Consumer loan, 467099, Managing the loan or lease, 
 Credit card, 465957, Other, 
 Mortgage, 465734, Settlement process and costs, 
 Mortgage, 463691, Other, 
 Credit card, 463590, Closing/Cancelling account, 
 Money transfers, 463395, Other transaction issues, 
 Credit reporting, 462466, Unable to get credit report/credit score, 
 Credit reporting, 480162, Unable to get credit report/credit score, 
 Bank account or service, 461382, Using a debit or ATM card, 
 Debt collection, 460787, False statements or representation, 
 Credit card, 460780, Credit line increase/decrease, 
 Credit card, 480143, Sale of account, 
 Credit card, 458787, Other, 
 Credit card, 480142, Sale of account, 
 Consumer loan, 456718, Taking out the loan or lease, 
 Bank account or service, 456740, Deposits and withdrawals, 
 Credit card, 455204, Unsolicited issuance of credit card, 
 Mortgage, 453437, Settlement process and costs, 
 Student loan, 452866, Problems when you are unable to pay, 
 Credit card, 450629, Credit line increase/decrease, 
 Credit reporting, 452373, Incorrect information on credit report, 
 Student loan, 450521, Repaying your loan, 
 Consumer loan, 450188, Managing the loan or lease, 
 Credit reporting, 448053, Incorrect information on credit report, 
 Credit reporting, 448174, Incorrect information on credit report, 
 Credit card, 446582, Late fee, 
 Bank account or service, 446779, Problems caused by my funds being low, 
 Credit card, 446777, Convenience checks, 
 Bank account or service, 447201, Deposits and withdrawals, 
 Consumer loan, 445571, Shopping for a loan or lease, 
 Credit card, 446272, APR or interest rate, 
 Student loan, 444147, Problems when you are unable to pay, 
 Credit card, 444186, Closing/Cancelling account, 
 Student loan, 444328, Repaying your loan, 
 Credit reporting, 445274, Credit reporting company's investigation, 
 Bank account or service, 445423, Deposits and withdrawals, 
 Consumer loan, 443052, Shopping for a line of credit, 
 Credit card, 445182, Closing/Cancelling account, 
 Credit reporting, 441945, Incorrect information on credit report, 
 Credit card, 438011, Collection practices, 
 Credit card, 436890, Credit line increase/decrease, 
 Credit reporting, 437282, Incorrect information on credit report, 
 Credit reporting, 435104, Incorrect information on credit report, 
 Mortgage, 434191, Settlement process and costs, 
 Credit card, 432632, Payoff process, 
 Credit card, 431992, APR or interest rate, 
 Credit card, 431818, Late fee, 
 Credit reporting, 431931, Credit monitoring or identity protection, 
 Mortgage, 429559, Credit decision / Underwriting, 
 Consumer loan, 431269, Managing the loan or lease, 
 Credit card, 429092, APR or interest rate, 
 Bank account or service, 429692, Problems caused by my funds being low, 
 Credit reporting, 429448, Credit reporting company's investigation, 
 Credit card, 427579, Billing disputes, 
 Credit card, 428638, Unsolicited issuance of credit card, 
 Credit card, 426973, Billing disputes, 
 Credit reporting, 427032, Unable to get credit report/credit score, 
 Credit card, 427044, Collection practices, 
 Mortgage, 426899, Settlement process and costs, 
 Mortgage, 426074, Credit decision / Underwriting, 
 Credit reporting, 428464, Incorrect information on credit report, 
 Credit reporting, 425415, Improper use of my credit report, 
 Bank account or service, 424758, Problems caused by my funds being low, 
 Bank account or service, 424412, Problems caused by my funds being low, 
 Bank account or service, 424620, Deposits and withdrawals, 
 Credit reporting, 422690, Credit reporting company's investigation, 
 Student loan, 422825, Problems when you are unable to pay, 
 Credit card, 421149, Unsolicited issuance of credit card, 
 Consumer loan, 419242, Managing the loan or lease, 
 Credit card, 419332, Credit card protection / Debt protection, 
 Credit card, 416716, Bankruptcy, 
 Consumer loan, 415469, Problems when you are unable to pay, 
 Credit reporting, 409704, Unable to get credit report/credit score, 
 Credit card, 410681, Collection debt dispute, 
 Credit card, 409095, Billing statement, 
 Credit card, 409616, Other fee, 
 Bank account or service, 408413, Deposits and withdrawals, 
 Credit card, 407411, Billing disputes, 
 Consumer loan, 406112, Managing the loan or lease, 
 Credit reporting, 406245, Incorrect information on credit report, 
 Credit card, 406361, Credit line increase/decrease, 
 Credit card, 404248, Other, 
 Credit reporting, 403112, Credit reporting company's investigation, 
 Credit reporting, 403111, Credit reporting company's investigation, 
 Credit card, 404583, Collection debt dispute, 
 Bank account or service, 404753, Problems caused by my funds being low, 
 Credit reporting, 403685, Credit reporting company's investigation, 
 Credit reporting, 402296, Incorrect information on credit report, 
 Credit reporting, 402295, Incorrect information on credit report, 
 Credit reporting, 402297, Incorrect information on credit report, 
 Credit reporting, 400383, Incorrect information on credit report, 
 Credit reporting, 401447, Credit reporting company's investigation, 
 Credit reporting, 403014, Incorrect information on credit report, 
 Credit reporting, 403013, Credit reporting company's investigation, 
 Credit reporting, 400247, Incorrect information on credit report, 
 Credit reporting, 399063, Incorrect information on credit report, 
 Credit reporting, 399065, Incorrect information on credit report, 
 Mortgage, 397345, Settlement process and costs, 
 Credit card, 397943, Payoff process, 
 Credit reporting, 396654, Credit reporting company's investigation, 
 Mortgage, 396407, Settlement process and costs, 
 Credit card, 394025, Balance transfer, 
 Bank account or service, 393616, Problems caused by my funds being low, 
 Credit reporting, 393379, Incorrect information on credit report, 
 Mortgage, 392658, Credit decision / Underwriting, 
 Bank account or service, 393290, Deposits and withdrawals, 
 Credit card, 393188, Identity theft / Fraud / Embezzlement, 
 Credit reporting, 391525, Incorrect information on credit report, 
 Credit reporting, 391526, Incorrect information on credit report, 
 Credit reporting, 391527, Incorrect information on credit report, 
 Student loan, 391669, Repaying your loan, 
 Credit card, 391745, Identity theft / Fraud / Embezzlement, 
 Credit reporting, 392126, Credit reporting company's investigation, 
 Credit reporting, 392595, Incorrect information on credit report, 
 Credit reporting, 392594, Incorrect information on credit report, 
 Credit reporting, 392598, Improper use of my credit report, 
 Credit reporting, 392597, Improper use of my credit report, 
 Credit reporting, 392596, Improper use of my credit report, 
 Consumer loan, 388634, Managing the loan or lease, 
 Credit reporting, 389426, Unable to get credit report/credit score, 
 Credit card, 389801, Other, 
 Credit reporting, 386644, Credit reporting company's investigation, 
 Credit card, 385868, Customer service / Customer relations, 
 Credit card, 384861, Other, 
 Credit card, 384159, Billing statement, 
 Consumer loan, 385207, Taking out the loan or lease, 
 Mortgage, 383731, Credit decision / Underwriting, 
 Bank account or service, 382893, Deposits and withdrawals, 
 Credit reporting, 381683, Credit monitoring or identity protection, 
 Money transfers, 381739, Money was not available when promised, 
 Consumer loan, 381520, Managing the loan or lease, 
 Credit reporting, 382426, Credit reporting company's investigation, 
 Credit reporting, 382425, Incorrect information on credit report, 
 Credit card, 380125, Balance transfer, 
 Mortgage, 378067, Credit decision / Underwriting, 
 Bank account or service, 378075, Deposits and withdrawals, 
 Credit reporting, 378503, Incorrect information on credit report, 
 Credit reporting, 378547, Incorrect information on credit report, 
 Credit reporting, 378548, Incorrect information on credit report, 
 Credit card, 376055, Credit line increase/decrease, 
 Credit reporting, 375247, Credit reporting company's investigation, 
 Credit reporting, 375244, Incorrect information on credit report, 
 Credit reporting, 375246, Credit reporting company's investigation, 
 Credit reporting, 375245, Credit reporting company's investigation, 
 Credit card, 375400, Billing statement, 
 Bank account or service, 374315, Deposits and withdrawals, 
 Consumer loan, 371566, Managing the loan or lease, 
 Credit reporting, 372430, Incorrect information on credit report, 
 Credit reporting, 370750, Incorrect information on credit report, 
 Mortgage, 370240, Credit decision / Underwriting, 
 Credit reporting, 369810, Incorrect information on credit report, 
 Credit reporting, 369963, Incorrect information on credit report, 
 Credit card, 367740, Delinquent account, 
 Credit card, 368697, Credit reporting, 
 Credit card, 368696, Forbearance / Workout plans, 
 Credit card, 368382, Billing disputes, 
 Credit card, 368381, Billing statement, 
 Credit reporting, 367080, Incorrect information on credit report, 
 Credit card, 366157, Closing/Cancelling account, 
 Credit reporting, 365427, Incorrect information on credit report, 
 Credit card, 365580, Identity theft / Fraud / Embezzlement, 
 Credit reporting, 365907, Credit reporting company's investigation, 
 Credit reporting, 365909, Credit reporting company's investigation, 
 Credit reporting, 365908, Credit reporting company's investigation, 
 Bank account or service, 364508, Deposits and withdrawals, 
 Student loan, 365138, Repaying your loan, 
 Credit card, 365278, Closing/Cancelling account, 
 Student loan, 361198, Repaying your loan, 
 Bank account or service, 360810, Using a debit or ATM card, 
 Credit card, 359221, Transaction issue, 
 Bank account or service, 358310, Problems caused by my funds being low, 
 Credit card, 358952, Late fee, 
 Credit reporting, 356051, Incorrect information on credit report, 
 Bank account or service, 357162, Deposits and withdrawals, 
 Credit reporting, 353960, Incorrect information on credit report, 
 Consumer loan, 355265, Account terms and changes, 
 Credit card, 355360, Other fee, 
 Credit reporting, 351325, Incorrect information on credit report, 
 Consumer loan, 349961, Managing the loan or lease, 
 Credit card, 350674, Billing disputes, 
 Bank account or service, 347841, Problems caused by my funds being low, 
 Consumer loan, 344245, Shopping for a loan or lease, 
 Consumer loan, 340732, Account terms and changes, 
 Credit reporting, 342482, Incorrect information on credit report, 
 Bank account or service, 341346, Problems caused by my funds being low, 
 Credit card, 341392, Billing disputes, 
 Credit card, 339456, Billing disputes, 
 Credit card, 327778, Other, 
 Credit card, 326631, Identity theft / Fraud / Embezzlement, 
 Credit reporting, 325193, Incorrect information on credit report, 
 Credit card, 325089, Transaction issue, 
 Student loan, 321510, Repaying your loan, 
 Mortgage, 318760, Credit decision / Underwriting, 
 Credit card, 318148, Credit reporting, 
 Credit card, 318150, Credit reporting, 
 Credit card, 318153, Credit reporting, 
 Bank account or service, 315920, Deposits and withdrawals, 
 Bank account or service, 317118, Deposits and withdrawals, 
 Consumer loan, 316572, Managing the loan or lease, 
 Credit card, 315237, Credit reporting, 
 Credit card, 315236, Credit reporting, 
 Bank account or service, 315215, Deposits and withdrawals, 
 Credit card, 315235, Credit reporting, 
 Credit reporting, 312580, Incorrect information on credit report, 
 Credit card, 313942, Billing disputes, 
 Credit reporting, 313678, Credit reporting company's investigation, 
 Credit card, 313264, Credit determination, 
 Bank account or service, 312330, Problems caused by my funds being low, 
 Mortgage, 309801, Settlement process and costs, 
 Credit reporting, 309254, Unable to get credit report/credit score, 
 Mortgage, 309938, Settlement process and costs, 
 Bank account or service, 309069, Problems caused by my funds being low, 
 Bank account or service, 308941, Deposits and withdrawals, 
 Bank account or service, 303177, Deposits and withdrawals, 
 Credit reporting, 302348, Credit reporting company's investigation, 
 Credit card, 300289, Billing disputes, 
 Credit card, 300415, Credit reporting, 
 Mortgage, 289300, Credit decision / Underwriting, 
 Bank account or service, 286315, Deposits and withdrawals, 
 Student loan, 284952, Problems when you are unable to pay, 
 Mortgage, 281909, Settlement process and costs, 
 Consumer loan, 276854, Managing the loan or lease, 
 Credit reporting, 268951, Incorrect information on credit report, 
 Credit reporting, 268510, Incorrect information on credit report, 
 Credit reporting, 267423, Unable to get credit report/credit score, 
 Credit reporting, 260984, Credit monitoring or identity protection, 
 Credit reporting, 253146, Incorrect information on credit report, 
 Credit card, 250910, Credit reporting, 
 Student loan, 253048, Repaying your loan, 
 Credit card, 249370, Collection practices, 
 Credit card, 245107, APR or interest rate, 
 Credit card, 245003, Closing/Cancelling account, 
 Consumer loan, 246657, Managing the loan or lease, 
 Consumer loan, 241784, Managing the loan or lease, 
 Mortgage, 242036, Settlement process and costs, 
 Credit reporting, 246420, Credit reporting company's investigation, 
 Consumer loan, 237232, Account terms and changes, 
 Credit reporting, 239783, Incorrect information on credit report, 
 Bank account or service, 236187, Deposits and withdrawals, 
 Student loan, 230995, Repaying your loan, 
 Credit reporting, 229611, Unable to get credit report/credit score, 
 Bank account or service, 230189, Problems caused by my funds being low, 
 Consumer loan, 229588, Shopping for a line of credit, 
 Mortgage, 229667, Credit decision / Underwriting, 
 Bank account or service, 228015, Problems caused by my funds being low, 
 Credit reporting, 229542, Incorrect information on credit report, 
 Mortgage, 228084, Credit decision / Underwriting, 
 Credit reporting, 228543, Improper use of my credit report, 
 Credit reporting, 228676, Incorrect information on credit report, 
 Credit card, 227654, Credit reporting, 
 Credit reporting, 226606, Incorrect information on credit report, 
 Bank account or service, 225447, Problems caused by my funds being low, 
 Student loan, 224129, Repaying your loan, 
 Bank account or service, 223933, Deposits and withdrawals, 
 Student loan, 222994, Repaying your loan, 
 Credit card, 221707, Payoff process, 
 Credit reporting, 219007, Unable to get credit report/credit score, 
 Credit reporting, 217882, Unable to get credit report/credit score, 
 Bank account or service, 217207, Deposits and withdrawals, 
 Bank account or service, 215305, Deposits and withdrawals, 
 Bank account or service, 214907, Deposits and withdrawals, 
 Bank account or service, 213956, Problems caused by my funds being low, 
 Credit reporting, 213340, Credit reporting company's investigation, 
 Bank account or service, 213579, Deposits and withdrawals, 
 Bank account or service, 213953, Problems caused by my funds being low, 
 Consumer loan, 213040, Managing the loan or lease, 
 Student loan, 211360, Repaying your loan, 
 Bank account or service, 211455, Using a debit or ATM card, 
 Credit card, 211530, Credit determination, 
 Consumer loan, 210818, Managing the loan or lease, 
 Credit reporting, 210649, Credit reporting company's investigation, 
 Student loan, 210384, Repaying your loan, 
 Bank account or service, 210625, Deposits and withdrawals, 
 Credit reporting, 208088, Incorrect information on credit report, 
 Credit reporting, 206640, Credit reporting company's investigation, 
 Bank account or service, 206248, Deposits and withdrawals, 
 Credit card, 206043, Collection debt dispute, 
 Credit card, 204116, Billing disputes, 
 Credit card, 203857, Credit line increase/decrease, 
 Credit card, 203468, Billing disputes, 
 Mortgage, 203414, Settlement process and costs, 
 Credit card, 202281, Billing disputes, 
 Credit card, 202349, Credit determination, 
 Consumer loan, 201624, Problems when you are unable to pay, 
 Student loan, 200890, Repaying your loan, 
 Bank account or service, 200089, Using a debit or ATM card, 
 Credit reporting, 201091, Credit monitoring or identity protection, 
 Credit reporting, 199574, Unable to get credit report/credit score, 
 Consumer loan, 199656, Problems when you are unable to pay, 
 Bank account or service, 198671, Deposits and withdrawals, 
 Consumer loan, 198308, Problems when you are unable to pay, 
 Credit reporting, 197320, Incorrect information on credit report, 
 Consumer loan, 196535, Managing the loan or lease, 
 Credit reporting, 194734, Incorrect information on credit report, 
 Credit reporting, 194732, Incorrect information on credit report, 
 Credit reporting, 194733, Incorrect information on credit report, 
 Bank account or service, 195137, Deposits and withdrawals, 
 Credit card, 194133, Other, 
 Credit card, 192925, Credit reporting, 
 Bank account or service, 192402, Deposits and withdrawals, 
 Bank account or service, 192193, Using a debit or ATM card, 
 Bank account or service, 191604, Deposits and withdrawals, 
 Bank account or service, 191921, Deposits and withdrawals, 
 Credit card, 190750, Advertising and marketing, 
 Credit card, 189065, Credit reporting, 
 Credit reporting, 189912, Incorrect information on credit report, 
 Credit card, 188962, Billing disputes, 
 Student loan, 188813, Repaying your loan, 
 Credit card, 185077, Collection debt dispute, 
 Credit card, 184547, Credit line increase/decrease, 
 Credit card, 184548, Credit line increase/decrease, 
 Credit card, 185016, Payoff process, 
 Credit card, 184546, Credit line increase/decrease, 
 Mortgage, 183436, Credit decision / Underwriting, 
 Consumer loan, 184342, Managing the loan or lease, 
 Consumer loan, 182545, Managing the loan or lease, 
 Credit reporting, 181496, Incorrect information on credit report, 
 Credit reporting, 181165, Incorrect information on credit report, 
 Credit card, 179119, Collection practices, 
 Credit card, 176809, APR or interest rate, 
 Bank account or service, 176899, Using a debit or ATM card, 
 Bank account or service, 177036, Problems caused by my funds being low, 
 Bank account or service, 175947, Deposits and withdrawals, 
 Credit card, 175174, APR or interest rate, 
 Mortgage, 173901, Credit decision / Underwriting, 
 Bank account or service, 173769, Deposits and withdrawals, 
 Credit card, 172293, Late fee, 
 Credit card, 171394, Billing disputes, 
 Credit card, 171246, Collection debt dispute, 
 Bank account or service, 169722, Problems caused by my funds being low, 
 Bank account or service, 168910, Problems caused by my funds being low, 
 Bank account or service, 167425, Deposits and withdrawals, 
 Credit card, 167820, Billing disputes, 
 Credit card, 167273, Billing statement, 
 Bank account or service, 167272, Problems caused by my funds being low, 
 Credit card, 165445, Late fee, 
 Consumer loan, 163946, Managing the loan or lease, 
 Credit card, 161662, Collection practices, 
 Credit card, 161367, Credit determination, 
 Bank account or service, 160205, Deposits and withdrawals, 
 Consumer loan, 158897, Managing the loan or lease, 
 Credit card, 157833, Late fee, 
 Bank account or service, 158377, Deposits and withdrawals, 
 Credit card, 156353, APR or interest rate, 
 Credit card, 156404, APR or interest rate, 
 Credit card, 156484, Identity theft / Fraud / Embezzlement, 
 Credit card, 155355, Credit line increase/decrease, 
 Bank account or service, 155106, Problems caused by my funds being low, 
 Student loan, 155024, Repaying your loan, 
 Credit card, 151574, Credit reporting, 
 Credit card, 150870, Credit line increase/decrease, 
 Credit card, 150871, Credit line increase/decrease, 
 Bank account or service, 148593, Using a debit or ATM card, 
 Credit card, 147958, Credit line increase/decrease, 
 Credit card, 147899, Identity theft / Fraud / Embezzlement, 
 Bank account or service, 144874, Deposits and withdrawals, 
 Credit card, 144030, Late fee, 
 Bank account or service, 142377, Deposits and withdrawals, 
 Credit card, 141481, Credit reporting, 
 Credit card, 141486, Credit reporting, 
 Credit card, 141485, Credit reporting, 
 Credit card, 141482, Credit reporting, 
 Credit card, 141484, Credit reporting, 
 Credit card, 141483, Credit reporting, 
 Credit card, 141487, Credit reporting, 
 Credit card, 140889, Cash advance, 
 Consumer loan, 139998, Managing the loan or lease, 
 Credit card, 137956, APR or interest rate, 
 Credit card, 137670, Billing disputes, 
 Bank account or service, 137271, Problems caused by my funds being low, 
 Mortgage, 137278, Settlement process and costs, 
 Student loan, 137137, Repaying your loan, 
 Credit card, 136950, Billing statement, 
 Bank account or service, 136349, Deposits and withdrawals, 
 Student loan, 136364, Problems when you are unable to pay, 
 Consumer loan, 135461, Problems when you are unable to pay, 
 Bank account or service, 135575, Problems caused by my funds being low, 
 Bank account or service, 134749, Deposits and withdrawals, 
 Credit card, 133336, Transaction issue, 
 Credit card, 130530, Payoff process, 
 Consumer loan, 130582, Managing the line of credit, 
 Credit card, 130600, APR or interest rate, 
 Credit card, 130461, APR or interest rate, 
 Credit card, 129260, Billing disputes, 
 Credit card, 128434, Customer service / Customer relations, 
 Credit card, 127479, APR or interest rate, 
 Credit card, 126084, APR or interest rate, 
 Credit card, 126085, APR or interest rate, 
 Bank account or service, 125264, Problems caused by my funds being low, 
 Bank account or service, 125012, Deposits and withdrawals, 
 Consumer loan, 125310, Managing the line of credit, 
 Consumer loan, 124257, Shopping for a loan or lease, 
 Credit card, 123585, Payoff process, 
 Credit card, 122184, Other fee, 
 Credit card, 121494, Credit card protection / Debt protection, 
 Student loan, 120604, Problems when you are unable to pay, 
 Credit card, 120732, Credit card protection / Debt protection, 
 Mortgage, 119827, Settlement process and costs, 
 Credit card, 117642, Delinquent account, 
 Bank account or service, 118053, Deposits and withdrawals, 
 Credit card, 117565, Credit reporting, 
 Bank account or service, 115974, Deposits and withdrawals, 
 Consumer loan, 115945, Shopping for a line of credit, 
 Bank account or service, 113966, Problems caused by my funds being low, 
 Mortgage, 114360, Other, 
 Credit card, 113490, Billing disputes, 
 Consumer loan, 113336, Managing the loan or lease, 
 Mortgage, 113400, Settlement process and costs, 
 Credit card, 113445, Billing statement, 
 Mortgage, 112328, Other, 
 Credit card, 112367, Other, 
 Credit card, 112550, Billing disputes, 
 Credit card, 112710, Credit determination, 
 Credit card, 111876, Credit reporting, 
 Bank account or service, 110540, Problems caused by my funds being low, 
 Student loan, 106021, Repaying your loan, 
 Credit card, 106066, Other, 
 Credit card, 104141, Credit reporting, 
 Credit card, 105089, Identity theft / Fraud / Embezzlement, 
 Student loan, 105249, Repaying your loan, 
 Credit card, 104440, Balance transfer, 
 Student loan, 102870, Problems when you are unable to pay, 
 Credit card, 103422, Transaction issue, 
 Student loan, 101958, Repaying your loan, 
 Student loan, 102393, Problems when you are unable to pay, 
 Student loan, 102425, Repaying your loan, 
 Student loan, 102435, Repaying your loan, 
 Student loan, 102564, Repaying your loan, 
 Student loan, 101807, Repaying your loan, 
 Credit card, 99283, APR or interest rate, 
 Mortgage, 99386, Settlement process and costs, 
 Consumer loan, 97792, Managing the loan or lease, 
 Credit card, 97215, Credit card protection / Debt protection, 
 Bank account or service, 97440, Problems caused by my funds being low, 
 Credit card, 96158, Billing disputes, 
 Bank account or service, 94471, Deposits and withdrawals, 
 Bank account or service, 89497, Problems caused by my funds being low, 
 Bank account or service, 90202, Deposits and withdrawals, 
 Bank account or service, 90703, Problems caused by my funds being low, 
 Credit card, 87790, Advertising and marketing, 
 Consumer loan, 86722, Managing the line of credit, 
 Student loan, 83854, Problems when you are unable to pay, 
 Credit card, 66446, Closing/Cancelling account, 
 Credit card, 79772, Other, 
 Mortgage, 79870, Settlement process and costs, 
 Credit card, 78119, Billing disputes, 
 Credit card, 78620, Payoff process, 
 Student loan, 79835, Repaying your loan, 
 Credit card, 77648, Collection debt dispute, 
 Credit card, 74848, Credit determination, 
 Credit card, 74966, Identity theft / Fraud / Embezzlement, 
 Consumer loan, 38570, Shopping for a loan or lease, 
 Student loan, 73562, Problems when you are unable to pay, 
 Mortgage, 72189, Settlement process and costs, 
 Credit card, 71177, APR or interest rate, 
 Credit card, 70132, Closing/Cancelling account, 
 Bank account or service, 70508, Problems caused by my funds being low, 
 Bank account or service, 70683, Problems caused by my funds being low, 
 Bank account or service, 70961, Problems caused by my funds being low, 
 Credit card, 68998, Collection practices, 
 Mortgage, 68879, Other, 
 Credit card, 66727, Unsolicited issuance of credit card, 
 Credit card, 65832, Customer service / Customer relations, 
 Credit card, 65968, APR or interest rate, 
 Credit card, 62825, Delinquent account, 
 Consumer loan, 24935, Problems when you are unable to pay, 
 Credit card, 57605, APR or interest rate, 
 Credit card, 57239, Billing disputes, 
 Bank account or service, 57358, Using a debit or ATM card, 
 Credit card, 55050, Other, 
 Credit card, 55154, Collection practices, 
 Mortgage, 54783, Settlement process and costs, 
 Student loan, 45062, Problems when you are unable to pay, 
 Mortgage, 9382, Settlement process and costs, 
 Credit card, 44618, APR or interest rate, 
 Credit card, 44708, Credit reporting, 
 Credit card, 43636, APR or interest rate, 
 Credit card, 43542, Credit line increase/decrease, 
 Credit card, 43564, Collection debt dispute, 
 Bank account or service, 39405, Problems caused by my funds being low, 
 Bank account or service, 39418, Problems caused by my funds being low, 
 Student loan, 43216, Problems when you are unable to pay, 
 Credit card, 42925, Collection practices, 
 Student loan, 42848, Repaying your loan, 
 Student loan, 42878, Problems when you are unable to pay, 
 Bank account or service, 42472, Using a debit or ATM card, 
 Credit card, 42527, Rewards, 
 Bank account or service, 41661, Deposits and withdrawals, 
 Bank account or service, 39169, Problems caused by my funds being low, 
 Mortgage, 41297, Credit decision / Underwriting, 
 Bank account or service, 38095, Deposits and withdrawals, 
 Bank account or service, 37428, Deposits and withdrawals, 
 Bank account or service, 37631, Deposits and withdrawals, 
 Credit card, 17705, Credit reporting, 
 Consumer loan, 36946, Problems when you are unable to pay, 
 Credit card, 36461, Credit line increase/decrease, 
 Credit card, 35697, Collection debt dispute, 
 Student loan, 35948, Repaying your loan, 
 Consumer loan, 35197, Managing the line of credit, 
 Bank account or service, 33474, Deposits and withdrawals, 
 Credit card, 31693, Other, 
 Credit card, 28449, APR or interest rate, 
 Credit card, 26497, Identity theft / Fraud / Embezzlement, 
 Credit card, 26506, APR or interest rate, 
 Credit card, 26004, APR or interest rate, 
 Credit card, 85988, APR or interest rate, 
 Credit card, 25163, Collection debt dispute, 
 Credit card, 25919, Collection practices, 
 Mortgage, 25138, Other, 
 Credit card, 20522, APR or interest rate, 
 Credit card, 18559, Credit determination, 
 Credit card, 83465, Identity theft / Fraud / Embezzlement, 
 Credit card, 20036, Collection debt dispute, 
 Credit card, 18696, Billing disputes, 
 Credit card, 18101, Billing disputes, 
 Credit card, 16923, Application processing delay, 
 Credit card, 83463, Credit reporting, 
 Credit card, 16613, Cash advance, 
 Credit card, 83462, Credit reporting, 
 Mortgage, 15421, Settlement process and costs, 
 Credit card, 7772, Billing statement, 
 Credit card, 14526, Closing/Cancelling account, 
 Credit card, 14338, Identity theft / Fraud / Embezzlement, 
 Mortgage, 12691, Credit decision / Underwriting, 
 Credit card, 83461, Identity theft / Fraud / Embezzlement, 
 Credit card, 6749, Closing/Cancelling account, 
 Credit card, 10053, Credit line increase/decrease, 
 Credit card, 10343, Billing disputes, 
 Credit card, 9696, Collection debt dispute, 
 Credit card, 9082, Identity theft / Fraud / Embezzlement, 
 Credit card, 6508, Identity theft / Fraud / Embezzlement, 
 Credit card, 6039, Application processing delay, 
 Credit card, 2519, Credit reporting, 
 Credit card, 2521, Credit reporting, 
 Credit card, 4351, Late fee, 
 Credit card, 3804, Closing/Cancelling account, 
 Credit card, 4356, Other, 
 Credit card, 3248, Late fee, 
 Credit card, 2555, Collection debt dispute, 
 Credit card, 2640, Other, 
