 Debt collection, 1107940, Communication tactics, 
 Debt collection, 1107939, Communication tactics, 
 Debt collection, 1105923, False statements or representation, 
 Credit reporting, 1105756, Incorrect information on credit report, 
 Debt collection, 1103554, Communication tactics, 
 Payday loan, 1102465, Can't contact lender, 
 Consumer loan, 1096448, Taking out the loan or lease, 
 Debt collection, 1094312, Cont'd attempts collect debt not owed, 
 Consumer loan, 1090128, Problems when you are unable to pay, 
 Credit card, 1089881, Identity theft / Fraud / Embezzlement, 
 Credit card, 1083195, Other, 
 Debt collection, 1083847, Improper contact or sharing of info, 
 Credit reporting, 1079661, Incorrect information on credit report, 
 Payday loan, 1080422, Applied for loan/did not receive money, 
 Debt collection, 1079825, Communication tactics, 
 Bank account or service, 1079629, Problems caused by my funds being low, 
 Credit reporting, 1077634, Incorrect information on credit report, 
 Consumer loan, 1078526, Managing the line of credit, 
 Debt collection, 1078583, Improper contact or sharing of info, 
 Debt collection, 1076411, Disclosure verification of debt, 
 Student loan, 1074891, Dealing with my lender or servicer, 
 Mortgage, 1076290, Credit decision / Underwriting, 
 Debt collection, 1075006, Taking/threatening an illegal action, 
 Consumer loan, 1074187, Managing the loan or lease, 
 Debt collection, 1071944, Improper contact or sharing of info, 
 Consumer loan, 1070327, Shopping for a loan or lease, 
 Debt collection, 1070986, Improper contact or sharing of info, 
 Consumer loan, 1071268, Managing the loan or lease, 
 Credit reporting, 1070597, Incorrect information on credit report, 
 Credit card, 1070673, Billing disputes, 
 Student loan, 1068576, Dealing with my lender or servicer, 
 Debt collection, 1068373, Cont'd attempts collect debt not owed, 
 Debt collection, 1068157, Cont'd attempts collect debt not owed, 
 Debt collection, 1066816, Cont'd attempts collect debt not owed, 
 Credit reporting, 1062652, Credit reporting company's investigation, 
 Credit reporting, 1061091, Incorrect information on credit report, 
 Consumer loan, 1060880, Problems when you are unable to pay, 
 Student loan, 1059393, Dealing with my lender or servicer, 
 Money transfers, 1056515, Other transaction issues, 
 Credit reporting, 1055668, Incorrect information on credit report, 
 Credit reporting, 1054585, Incorrect information on credit report, 
 Bank account or service, 1054860, Using a debit or ATM card, 
 Debt collection, 1053760, False statements or representation, 
 Debt collection, 1050843, Disclosure verification of debt, 
 Credit reporting, 1050974, Incorrect information on credit report, 
 Bank account or service, 1051152, Deposits and withdrawals, 
 Credit card, 1050687, Other, 
 Credit reporting, 1048507, Incorrect information on credit report, 
 Debt collection, 1048505, Cont'd attempts collect debt not owed, 
 Payday loan, 1048455, Charged fees or interest I didn't expect, 
 Credit reporting, 1048140, Unable to get credit report/credit score, 
 Credit reporting, 1048266, Unable to get credit report/credit score, 
 Bank account or service, 1047192, Using a debit or ATM card, 
 Credit reporting, 1045215, Incorrect information on credit report, 
 Bank account or service, 1045734, Problems caused by my funds being low, 
 Payday loan, 1046461, Can't stop charges to bank account, 
 Credit reporting, 1042865, Incorrect information on credit report, 
 Debt collection, 1040865, False statements or representation, 
 Credit reporting, 1039508, Incorrect information on credit report, 
 Bank account or service, 1039524, Deposits and withdrawals, 
 Debt collection, 1039560, Disclosure verification of debt, 
 Debt collection, 1038226, Disclosure verification of debt, 
 Debt collection, 1038493, Improper contact or sharing of info, 
 Consumer loan, 1038997, Managing the loan or lease, 
 Consumer loan, 1037862, Managing the loan or lease, 
 Debt collection, 1036429, Taking/threatening an illegal action, 
 Debt collection, 1036062, Cont'd attempts collect debt not owed, 
 Debt collection, 1032906, Cont'd attempts collect debt not owed, 
 Credit card, 1032537, Billing statement, 
 Credit reporting, 1030028, Incorrect information on credit report, 
 Consumer loan, 1030262, Managing the loan or lease, 
 Debt collection, 1031483, Disclosure verification of debt, 
 Credit reporting, 1028679, Incorrect information on credit report, 
 Debt collection, 1029746, Disclosure verification of debt, 
 Debt collection, 1028062, Cont'd attempts collect debt not owed, 
 Consumer loan, 1024378, Managing the loan or lease, 
 Consumer loan, 1024921, Managing the loan or lease, 
 Credit reporting, 1022209, Unable to get credit report/credit score, 
 Debt collection, 1022570, Taking/threatening an illegal action, 
 Debt collection, 1022569, Taking/threatening an illegal action, 
 Credit reporting, 1022588, Incorrect information on credit report, 
 Credit reporting, 1022587, Incorrect information on credit report, 
 Student loan, 1020075, Can't repay my loan, 
 Debt collection, 1020567, Cont'd attempts collect debt not owed, 
 Bank account or service, 1019157, Using a debit or ATM card, 
 Bank account or service, 1018205, Deposits and withdrawals, 
 Credit reporting, 1017741, Unable to get credit report/credit score, 
 Credit reporting, 1017756, Incorrect information on credit report, 
 Credit reporting, 1017761, Incorrect information on credit report, 
 Credit reporting, 1017757, Incorrect information on credit report, 
 Payday loan, 1015768, Can't contact lender, 
 Consumer loan, 1016996, Managing the loan or lease, 
 Debt collection, 1014999, Communication tactics, 
 Debt collection, 1015285, Taking/threatening an illegal action, 
 Debt collection, 1013860, Cont'd attempts collect debt not owed, 
 Debt collection, 1013859, Cont'd attempts collect debt not owed, 
 Credit reporting, 1014592, Incorrect information on credit report, 
 Credit card, 1014734, Billing disputes, 
 Bank account or service, 1014942, Problems caused by my funds being low, 
 Debt collection, 1013042, Cont'd attempts collect debt not owed, 
 Credit card, 1011725, Closing/Cancelling account, 
 Debt collection, 1011826, Communication tactics, 
 Bank account or service, 1011987, Deposits and withdrawals, 
 Debt collection, 1010843, Cont'd attempts collect debt not owed, 
 Debt collection, 1009379, Cont'd attempts collect debt not owed, 
 Credit card, 1009277, Billing disputes, 
 Credit card, 1008950, Unsolicited issuance of credit card, 
 Credit reporting, 1008897, Credit reporting company's investigation, 
 Debt collection, 1007171, Cont'd attempts collect debt not owed, 
 Student loan, 1007304, Dealing with my lender or servicer, 
 Debt collection, 1007929, Taking/threatening an illegal action, 
 Debt collection, 1006247, Communication tactics, 
 Debt collection, 1004204, Taking/threatening an illegal action, 
 Credit card, 1004539, Identity theft / Fraud / Embezzlement, 
 Credit card, 1003322, Billing disputes, 
 Credit card, 1003321, Billing disputes, 
 Debt collection, 1005623, Communication tactics, 
 Credit card, 1005621, Late fee, 
 Debt collection, 1003508, Communication tactics, 
 Debt collection, 1003619, Cont'd attempts collect debt not owed, 
 Credit card, 1002381, Billing disputes, 
 Credit card, 1002175, Credit card protection / Debt protection, 
 Consumer loan, 1002360, Taking out the loan or lease, 
 Credit card, 1002383, Billing disputes, 
 Credit card, 1002382, Billing disputes, 
 Debt collection, 1002516, Communication tactics, 
 Payday loan, 998566, Charged fees or interest I didn't expect, 
 Consumer loan, 998967, Taking out the loan or lease, 
 Debt collection, 998372, Improper contact or sharing of info, 
 Debt collection, 998371, Improper contact or sharing of info, 
 Debt collection, 997139, Cont'd attempts collect debt not owed, 
 Bank account or service, 997260, Deposits and withdrawals, 
 Credit card, 997654, Other, 
 Debt collection, 998271, Cont'd attempts collect debt not owed, 
 Credit reporting, 996023, Incorrect information on credit report, 
 Debt collection, 992662, Taking/threatening an illegal action, 
 Credit card, 992680, Billing disputes, 
 Consumer loan, 993739, Problems when you are unable to pay, 
 Credit card, 992531, Transaction issue, 
 Debt collection, 988765, Cont'd attempts collect debt not owed, 
 Credit card, 990258, Other, 
 Consumer loan, 987937, Problems when you are unable to pay, 
 Consumer loan, 984822, Managing the loan or lease, 
 Credit card, 985452, APR or interest rate, 
 Bank account or service, 981571, Deposits and withdrawals, 
 Debt collection, 983009, Communication tactics, 
 Debt collection, 979780, Improper contact or sharing of info, 
 Debt collection, 977536, Improper contact or sharing of info, 
 Credit reporting, 976742, Incorrect information on credit report, 
 Consumer loan, 975554, Managing the loan or lease, 
 Debt collection, 972743, Cont'd attempts collect debt not owed, 
 Credit reporting, 973978, Incorrect information on credit report, 
 Credit card, 975129, Credit card protection / Debt protection, 
 Debt collection, 970928, Cont'd attempts collect debt not owed, 
 Mortgage, 971065, Credit decision / Underwriting, 
 Debt collection, 972696, Communication tactics, 
 Credit card, 973032, Customer service / Customer relations, 
 Bank account or service, 972169, Deposits and withdrawals, 
 Mortgage, 969866, Settlement process and costs, 
 Debt collection, 970130, Disclosure verification of debt, 
 Payday loan, 970254, Charged fees or interest I didn't expect, 
 Credit reporting, 967122, Unable to get credit report/credit score, 
 Credit card, 967617, Closing/Cancelling account, 
 Debt collection, 966003, Taking/threatening an illegal action, 
 Debt collection, 966002, Taking/threatening an illegal action, 
 Credit card, 964998, Customer service / Customer relations, 
 Student loan, 964049, Dealing with my lender or servicer, 
 Bank account or service, 964515, Problems caused by my funds being low, 
 Credit reporting, 964548, Incorrect information on credit report, 
 Credit reporting, 962893, Incorrect information on credit report, 
 Debt collection, 963610, Cont'd attempts collect debt not owed, 
 Credit reporting, 962058, Incorrect information on credit report, 
 Student loan, 962433, Can't repay my loan, 
 Credit reporting, 962553, Incorrect information on credit report, 
 Credit reporting, 962552, Incorrect information on credit report, 
 Debt collection, 960339, Communication tactics, 
 Bank account or service, 958847, Problems caused by my funds being low, 
 Debt collection, 958265, Communication tactics, 
 Credit card, 956189, APR or interest rate, 
 Credit reporting, 958118, Incorrect information on credit report, 
 Credit reporting, 958121, Incorrect information on credit report, 
 Debt collection, 955818, Communication tactics, 
 Credit reporting, 954701, Incorrect information on credit report, 
 Credit card, 953884, Identity theft / Fraud / Embezzlement, 
 Debt collection, 954746, Disclosure verification of debt, 
 Mortgage, 952032, Credit decision / Underwriting, 
 Credit reporting, 953214, Credit monitoring or identity protection, 
 Credit reporting, 953213, Credit monitoring or identity protection, 
 Credit reporting, 952072, Incorrect information on credit report, 
 Credit reporting, 952071, Incorrect information on credit report, 
 Credit reporting, 951048, Incorrect information on credit report, 
 Credit reporting, 951047, Incorrect information on credit report, 
 Credit reporting, 951049, Incorrect information on credit report, 
 Credit reporting, 951532, Unable to get credit report/credit score, 
 Debt collection, 950781, Cont'd attempts collect debt not owed, 
 Debt collection, 950780, Cont'd attempts collect debt not owed, 
 Credit card, 947440, Delinquent account, 
 Debt collection, 946869, Communication tactics, 
 Credit card, 947439, Delinquent account, 
 Credit card, 947438, Delinquent account, 
 Debt collection, 947500, Taking/threatening an illegal action, 
 Debt collection, 947519, Cont'd attempts collect debt not owed, 
 Consumer loan, 945672, Problems when you are unable to pay, 
 Student loan, 943418, Dealing with my lender or servicer, 
 Debt collection, 944284, Cont'd attempts collect debt not owed, 
 Debt collection, 941132, Taking/threatening an illegal action, 
 Debt collection, 939949, Taking/threatening an illegal action, 
 Credit reporting, 938519, Incorrect information on credit report, 
 Credit card, 937377, Other, 
 Credit reporting, 938521, Incorrect information on credit report, 
 Credit reporting, 938520, Incorrect information on credit report, 
 Debt collection, 936510, Disclosure verification of debt, 
 Debt collection, 936505, Disclosure verification of debt, 
 Debt collection, 936502, Disclosure verification of debt, 
 Debt collection, 936498, Disclosure verification of debt, 
 Debt collection, 936499, Disclosure verification of debt, 
 Debt collection, 936496, Disclosure verification of debt, 
 Credit reporting, 936515, Improper use of my credit report, 
 Credit reporting, 936514, Improper use of my credit report, 
 Debt collection, 936506, Disclosure verification of debt, 
 Debt collection, 936504, Disclosure verification of debt, 
 Credit reporting, 936511, Improper use of my credit report, 
 Debt collection, 936507, Disclosure verification of debt, 
 Debt collection, 936509, Disclosure verification of debt, 
 Bank account or service, 933124, Problems caused by my funds being low, 
 Credit reporting, 933183, Incorrect information on credit report, 
 Debt collection, 931474, Disclosure verification of debt, 
 Credit reporting, 931908, Incorrect information on credit report, 
 Credit reporting, 932352, Incorrect information on credit report, 
 Credit reporting, 932351, Incorrect information on credit report, 
 Credit reporting, 932350, Incorrect information on credit report, 
 Debt collection, 929433, Communication tactics, 
 Payday loan, 929608, Charged fees or interest I didn't expect, 
 Credit reporting, 927619, Unable to get credit report/credit score, 
 Debt collection, 930127, Disclosure verification of debt, 
 Debt collection, 927699, Improper contact or sharing of info, 
 Credit card, 925565, Identity theft / Fraud / Embezzlement, 
 Credit card, 925673, Identity theft / Fraud / Embezzlement, 
 Debt collection, 926197, Taking/threatening an illegal action, 
 Student loan, 926607, Dealing with my lender or servicer, 
 Mortgage, 921818, Credit decision / Underwriting, 
 Mortgage, 921847, Settlement process and costs, 
 Debt collection, 919079, False statements or representation, 
 Credit card, 919115, Unsolicited issuance of credit card, 
 Credit reporting, 920025, Credit reporting company's investigation, 
 Credit reporting, 919023, Credit reporting company's investigation, 
 Debt collection, 919016, Disclosure verification of debt, 
 Debt collection, 919014, Disclosure verification of debt, 
 Debt collection, 919020, Disclosure verification of debt, 
 Debt collection, 919022, Cont'd attempts collect debt not owed, 
 Debt collection, 919021, Disclosure verification of debt, 
 Debt collection, 919019, Disclosure verification of debt, 
 Debt collection, 919017, Disclosure verification of debt, 
 Debt collection, 919018, Disclosure verification of debt, 
 Debt collection, 917931, Cont'd attempts collect debt not owed, 
 Student loan, 916073, Can't repay my loan, 
 Credit reporting, 915560, Unable to get credit report/credit score, 
 Credit card, 913489, Late fee, 
 Student loan, 912919, Dealing with my lender or servicer, 
 Debt collection, 910020, Taking/threatening an illegal action, 
 Credit reporting, 908677, Incorrect information on credit report, 
 Credit reporting, 903966, Incorrect information on credit report, 
 Credit card, 904007, APR or interest rate, 
 Credit card, 904660, Other fee, 
 Credit card, 904669, Closing/Cancelling account, 
 Money transfers, 903536, Money was not available when promised, 
 Debt collection, 902340, Cont'd attempts collect debt not owed, 
 Debt collection, 902575, Communication tactics, 
 Credit reporting, 901385, Incorrect information on credit report, 
 Credit reporting, 901384, Incorrect information on credit report, 
 Credit card, 901423, Billing disputes, 
 Debt collection, 900856, Communication tactics, 
 Debt collection, 900943, Cont'd attempts collect debt not owed, 
 Credit reporting, 899363, Incorrect information on credit report, 
 Credit card, 900684, Payoff process, 
 Student loan, 898723, Dealing with my lender or servicer, 
 Debt collection, 898763, Communication tactics, 
 Credit reporting, 896557, Incorrect information on credit report, 
 Debt collection, 894794, Taking/threatening an illegal action, 
 Student loan, 893973, Can't repay my loan, 
 Consumer loan, 892977, Managing the loan or lease, 
 Debt collection, 893068, Cont'd attempts collect debt not owed, 
 Bank account or service, 893352, Deposits and withdrawals, 
 Credit card, 892451, Cash advance, 
 Debt collection, 887970, Communication tactics, 
 Credit card, 885964, Closing/Cancelling account, 
 Consumer loan, 886249, Shopping for a loan or lease, 
 Credit reporting, 886438, Unable to get credit report/credit score, 
 Debt collection, 885900, Cont'd attempts collect debt not owed, 
 Credit card, 885500, Delinquent account, 
 Bank account or service, 883682, Deposits and withdrawals, 
 Credit card, 883913, Other, 
 Consumer loan, 881781, Managing the loan or lease, 
 Credit card, 881780, Billing statement, 
 Credit reporting, 883228, Incorrect information on credit report, 
 Credit reporting, 879270, Unable to get credit report/credit score, 
 Debt collection, 876304, Improper contact or sharing of info, 
 Student loan, 875960, Dealing with my lender or servicer, 
 Debt collection, 872545, Disclosure verification of debt, 
 Credit card, 872629, Closing/Cancelling account, 
 Debt collection, 873211, Communication tactics, 
 Debt collection, 872129, Cont'd attempts collect debt not owed, 
 Debt collection, 872235, Improper contact or sharing of info, 
 Bank account or service, 872221, Deposits and withdrawals, 
 Consumer loan, 870700, Taking out the loan or lease, 
 Credit reporting, 869790, Incorrect information on credit report, 
 Credit reporting, 869789, Incorrect information on credit report, 
 Credit card, 871073, APR or interest rate, 
 Bank account or service, 868850, Deposits and withdrawals, 
 Credit reporting, 867467, Incorrect information on credit report, 
 Debt collection, 867431, Communication tactics, 
 Credit card, 866063, Balance transfer, 
 Mortgage, 864416, Settlement process and costs, 
 Credit reporting, 864881, Incorrect information on credit report, 
 Payday loan, 864895, Charged fees or interest I didn't expect, 
 Student loan, 864959, Can't repay my loan, 
 Debt collection, 865072, Taking/threatening an illegal action, 
 Credit card, 865816, Billing disputes, 
 Student loan, 863944, Dealing with my lender or servicer, 
 Bank account or service, 862280, Problems caused by my funds being low, 
 Consumer loan, 864078, Managing the loan or lease, 
 Debt collection, 863858, Taking/threatening an illegal action, 
 Debt collection, 860909, Taking/threatening an illegal action, 
 Credit card, 863406, Billing disputes, 
 Bank account or service, 861388, Deposits and withdrawals, 
 Credit reporting, 858912, Incorrect information on credit report, 
 Credit reporting, 859998, Incorrect information on credit report, 
 Student loan, 857168, Can't repay my loan, 
 Debt collection, 856126, False statements or representation, 
 Credit card, 856191, Identity theft / Fraud / Embezzlement, 
 Credit reporting, 856170, Incorrect information on credit report, 
 Debt collection, 856634, Cont'd attempts collect debt not owed, 
 Credit reporting, 854079, Incorrect information on credit report, 
 Debt collection, 854856, Cont'd attempts collect debt not owed, 
 Credit reporting, 852004, Incorrect information on credit report, 
 Consumer loan, 849320, Shopping for a loan or lease, 
 Debt collection, 849453, Cont'd attempts collect debt not owed, 
 Credit reporting, 850114, Unable to get credit report/credit score, 
 Credit reporting, 850113, Unable to get credit report/credit score, 
 Credit reporting, 851179, Incorrect information on credit report, 
 Credit reporting, 846722, Unable to get credit report/credit score, 
 Debt collection, 845772, Communication tactics, 
 Credit card, 846044, Credit determination, 
 Credit reporting, 846045, Unable to get credit report/credit score, 
 Debt collection, 846350, Disclosure verification of debt, 
 Money transfers, 844809, Fraud or scam, 
 Student loan, 843860, Can't repay my loan, 
 Credit card, 844579, Billing disputes, 
 Credit reporting, 844619, Incorrect information on credit report, 
 Credit card, 842877, Billing disputes, 
 Credit reporting, 842919, Incorrect information on credit report, 
 Debt collection, 842921, Cont'd attempts collect debt not owed, 
 Credit reporting, 842160, Credit reporting company's investigation, 
 Credit reporting, 842205, Credit reporting company's investigation, 
 Credit reporting, 842848, Incorrect information on credit report, 
 Credit reporting, 839737, Incorrect information on credit report, 
 Debt collection, 839534, Cont'd attempts collect debt not owed, 
 Debt collection, 835828, Cont'd attempts collect debt not owed, 
 Debt collection, 834921, Cont'd attempts collect debt not owed, 
 Debt collection, 833270, Communication tactics, 
 Credit card, 834089, Credit determination, 
 Credit reporting, 832895, Incorrect information on credit report, 
 Student loan, 832931, Can't repay my loan, 
 Student loan, 832337, Can't repay my loan, 
 Debt collection, 832398, Communication tactics, 
 Student loan, 829641, Dealing with my lender or servicer, 
 Student loan, 830957, Getting a loan, 
 Credit reporting, 827132, Incorrect information on credit report, 
 Credit reporting, 826550, Incorrect information on credit report, 
 Debt collection, 826696, Communication tactics, 
 Credit reporting, 825345, Incorrect information on credit report, 
 Debt collection, 825130, Communication tactics, 
 Credit reporting, 820890, Incorrect information on credit report, 
 Consumer loan, 822342, Managing the loan or lease, 
 Bank account or service, 822341, Problems caused by my funds being low, 
 Credit reporting, 821035, Incorrect information on credit report, 
 Credit reporting, 820889, Incorrect information on credit report, 
 Credit reporting, 822692, Incorrect information on credit report, 
 Student loan, 821329, Dealing with my lender or servicer, 
 Credit reporting, 820184, Incorrect information on credit report, 
 Debt collection, 820927, Cont'd attempts collect debt not owed, 
 Credit reporting, 820991, Incorrect information on credit report, 
 Debt collection, 818761, Cont'd attempts collect debt not owed, 
 Bank account or service, 818811, Problems caused by my funds being low, 
 Credit reporting, 819596, Unable to get credit report/credit score, 
 Bank account or service, 819619, Using a debit or ATM card, 
 Consumer loan, 816487, Managing the loan or lease, 
 Debt collection, 817773, Improper contact or sharing of info, 
 Credit reporting, 817329, Incorrect information on credit report, 
 Credit reporting, 814661, Incorrect information on credit report, 
 Credit reporting, 814660, Incorrect information on credit report, 
 Credit reporting, 814659, Incorrect information on credit report, 
 Credit reporting, 815565, Unable to get credit report/credit score, 
 Debt collection, 814615, Taking/threatening an illegal action, 
 Debt collection, 814613, Communication tactics, 
 Credit reporting, 813980, Incorrect information on credit report, 
 Credit reporting, 813978, Incorrect information on credit report, 
 Credit reporting, 813979, Incorrect information on credit report, 
 Student loan, 811492, Can't repay my loan, 
 Debt collection, 811876, Cont'd attempts collect debt not owed, 
 Credit card, 809920, Other, 
 Bank account or service, 807127, Deposits and withdrawals, 
 Credit card, 806209, Other, 
 Debt collection, 805861, Cont'd attempts collect debt not owed, 
 Credit reporting, 804742, Incorrect information on credit report, 
 Credit reporting, 804743, Incorrect information on credit report, 
 Credit reporting, 804744, Incorrect information on credit report, 
 Credit reporting, 802979, Incorrect information on credit report, 
 Debt collection, 801542, Cont'd attempts collect debt not owed, 
 Debt collection, 799376, Taking/threatening an illegal action, 
 Debt collection, 798143, Communication tactics, 
 Credit reporting, 795602, Incorrect information on credit report, 
 Credit reporting, 794719, Unable to get credit report/credit score, 
 Debt collection, 790041, Disclosure verification of debt, 
 Credit card, 790121, Other, 
 Consumer loan, 790853, Problems when you are unable to pay, 
 Credit card, 787322, Delinquent account, 
 Credit reporting, 788598, Incorrect information on credit report, 
 Debt collection, 785001, Cont'd attempts collect debt not owed, 
 Credit card, 784703, Customer service / Customer relations, 
 Credit card, 783871, Rewards, 
 Credit reporting, 784500, Credit reporting company's investigation, 
 Bank account or service, 778994, Deposits and withdrawals, 
 Debt collection, 779264, Disclosure verification of debt, 
 Student loan, 779632, Can't repay my loan, 
 Credit reporting, 780008, Incorrect information on credit report, 
 Credit card, 780005, Credit determination, 
 Credit reporting, 780007, Incorrect information on credit report, 
 Credit reporting, 780006, Incorrect information on credit report, 
 Debt collection, 776695, Communication tactics, 
 Credit reporting, 777097, Incorrect information on credit report, 
 Debt collection, 777042, Communication tactics, 
 Debt collection, 777213, Communication tactics, 
 Debt collection, 777368, Communication tactics, 
 Credit reporting, 780365, Credit reporting company's investigation, 
 Credit reporting, 780364, Credit reporting company's investigation, 
 Credit reporting, 780363, Incorrect information on credit report, 
 Credit reporting, 780362, Incorrect information on credit report, 
 Credit reporting, 780366, Credit reporting company's investigation, 
 Student loan, 778328, Can't repay my loan, 
 Debt collection, 776346, Taking/threatening an illegal action, 
 Debt collection, 775294, Taking/threatening an illegal action, 
 Debt collection, 776081, False statements or representation, 
 Credit reporting, 773390, Incorrect information on credit report, 
 Credit reporting, 771432, Incorrect information on credit report, 
 Credit reporting, 771431, Incorrect information on credit report, 
 Credit reporting, 771329, Unable to get credit report/credit score, 
 Credit reporting, 771430, Incorrect information on credit report, 
 Debt collection, 771927, Communication tactics, 
 Debt collection, 772206, Cont'd attempts collect debt not owed, 
 Credit reporting, 769231, Incorrect information on credit report, 
 Credit reporting, 769232, Incorrect information on credit report, 
 Debt collection, 770168, Communication tactics, 
 Student loan, 770135, Can't repay my loan, 
 Debt collection, 768851, False statements or representation, 
 Bank account or service, 768978, Problems caused by my funds being low, 
 Bank account or service, 763736, Problems caused by my funds being low, 
 Credit card, 762057, Advertising and marketing, 
 Debt collection, 763933, Taking/threatening an illegal action, 
 Debt collection, 768443, False statements or representation, 
 Mortgage, 768591, Credit decision / Underwriting, 
 Debt collection, 763572, False statements or representation, 
 Credit reporting, 763588, Incorrect information on credit report, 
 Consumer loan, 760565, Account terms and changes, 
 Consumer loan, 760616, Managing the loan or lease, 
 Bank account or service, 760500, Problems caused by my funds being low, 
 Debt collection, 767952, Communication tactics, 
 Credit reporting, 759842, Incorrect information on credit report, 
 Credit card, 763163, Identity theft / Fraud / Embezzlement, 
 Credit card, 763085, Customer service / Customer relations, 
 Credit card, 760145, APR or interest rate, 
 Credit reporting, 754186, Incorrect information on credit report, 
 Credit reporting, 753972, Incorrect information on credit report, 
 Debt collection, 753873, Cont'd attempts collect debt not owed, 
 Credit reporting, 759942, Incorrect information on credit report, 
 Credit reporting, 759941, Incorrect information on credit report, 
 Debt collection, 751033, Taking/threatening an illegal action, 
 Bank account or service, 748311, Deposits and withdrawals, 
 Credit card, 749311, Billing statement, 
 Debt collection, 759851, Improper contact or sharing of info, 
 Consumer loan, 746415, Managing the loan or lease, 
 Debt collection, 748120, Cont'd attempts collect debt not owed, 
 Credit reporting, 745097, Incorrect information on credit report, 
 Credit reporting, 745120, Incorrect information on credit report, 
 Debt collection, 741343, Communication tactics, 
 Credit reporting, 743952, Incorrect information on credit report, 
 Debt collection, 743953, Cont'd attempts collect debt not owed, 
 Credit card, 740077, Closing/Cancelling account, 
 Debt collection, 741746, Cont'd attempts collect debt not owed, 
 Debt collection, 741672, Cont'd attempts collect debt not owed, 
 Credit reporting, 740835, Incorrect information on credit report, 
 Consumer loan, 740957, Managing the loan or lease, 
 Consumer loan, 741307, Taking out the loan or lease, 
 Debt collection, 739020, Communication tactics, 
 Credit card, 739651, APR or interest rate, 
 Debt collection, 737203, Improper contact or sharing of info, 
 Debt collection, 735023, Cont'd attempts collect debt not owed, 
 Credit reporting, 734955, Incorrect information on credit report, 
 Credit reporting, 731924, Incorrect information on credit report, 
 Credit reporting, 731923, Incorrect information on credit report, 
 Credit reporting, 731922, Incorrect information on credit report, 
 Credit reporting, 731921, Incorrect information on credit report, 
 Credit reporting, 731920, Incorrect information on credit report, 
 Credit reporting, 731919, Incorrect information on credit report, 
 Debt collection, 734511, Improper contact or sharing of info, 
 Debt collection, 731408, Communication tactics, 
 Credit reporting, 732198, Incorrect information on credit report, 
 Credit reporting, 732197, Incorrect information on credit report, 
 Credit reporting, 732196, Incorrect information on credit report, 
 Consumer loan, 728864, Managing the loan or lease, 
 Payday loan, 728069, Charged fees or interest I didn't expect, 
 Credit reporting, 728475, Unable to get credit report/credit score, 
 Credit card, 727867, Other, 
 Consumer loan, 726609, Problems when you are unable to pay, 
 Mortgage, 723749, Settlement process and costs, 
 Credit reporting, 717363, Incorrect information on credit report, 
 Debt collection, 714029, Cont'd attempts collect debt not owed, 
 Debt collection, 714028, Cont'd attempts collect debt not owed, 
 Debt collection, 714598, False statements or representation, 
 Consumer loan, 715894, Shopping for a line of credit, 
 Credit reporting, 712401, Incorrect information on credit report, 
 Debt collection, 712412, Communication tactics, 
 Debt collection, 713108, Communication tactics, 
 Debt collection, 713107, Communication tactics, 
 Bank account or service, 717552, Problems caused by my funds being low, 
 Credit reporting, 708286, Incorrect information on credit report, 
 Debt collection, 706990, Cont'd attempts collect debt not owed, 
 Credit reporting, 707358, Incorrect information on credit report, 
 Debt collection, 705827, Cont'd attempts collect debt not owed, 
 Debt collection, 705953, Communication tactics, 
 Credit reporting, 704631, Credit reporting company's investigation, 
 Payday loan, 704675, Charged fees or interest I didn't expect, 
 Mortgage, 704568, Credit decision / Underwriting, 
 Credit card, 704037, Other, 
 Credit reporting, 705092, Incorrect information on credit report, 
 Credit card, 700265, Rewards, 
 Credit card, 702744, Billing disputes, 
 Credit reporting, 700338, Incorrect information on credit report, 
 Debt collection, 700333, Communication tactics, 
 Credit reporting, 700340, Incorrect information on credit report, 
 Credit reporting, 700339, Incorrect information on credit report, 
 Student loan, 700459, Dealing with my lender or servicer, 
 Credit card, 710445, Payoff process, 
 Student loan, 699645, Can't repay my loan, 
 Debt collection, 699700, Cont'd attempts collect debt not owed, 
 Debt collection, 699699, Cont'd attempts collect debt not owed, 
 Debt collection, 700086, Communication tactics, 
 Debt collection, 707862, Cont'd attempts collect debt not owed, 
 Debt collection, 710316, Cont'd attempts collect debt not owed, 
 Bank account or service, 697565, Using a debit or ATM card, 
 Debt collection, 696854, Cont'd attempts collect debt not owed, 
 Debt collection, 696853, Cont'd attempts collect debt not owed, 
 Debt collection, 696852, Cont'd attempts collect debt not owed, 
 Credit card, 698195, Delinquent account, 
 Debt collection, 695564, Cont'd attempts collect debt not owed, 
 Debt collection, 695788, Cont'd attempts collect debt not owed, 
 Debt collection, 695565, Cont'd attempts collect debt not owed, 
 Credit card, 694827, Closing/Cancelling account, 
 Consumer loan, 694971, Problems when you are unable to pay, 
 Credit reporting, 695033, Incorrect information on credit report, 
 Credit reporting, 695032, Incorrect information on credit report, 
 Credit reporting, 695031, Incorrect information on credit report, 
 Student loan, 695353, Can't repay my loan, 
 Bank account or service, 693412, Deposits and withdrawals, 
 Bank account or service, 693442, Deposits and withdrawals, 
 Debt collection, 690214, Cont'd attempts collect debt not owed, 
 Debt collection, 688871, Disclosure verification of debt, 
 Credit reporting, 689883, Credit reporting company's investigation, 
 Credit card, 690044, Billing disputes, 
 Bank account or service, 687137, Deposits and withdrawals, 
 Bank account or service, 687534, Deposits and withdrawals, 
 Debt collection, 687083, Improper contact or sharing of info, 
 Debt collection, 687084, Improper contact or sharing of info, 
 Credit card, 685729, Credit line increase/decrease, 
 Debt collection, 684812, Communication tactics, 
 Bank account or service, 684600, Deposits and withdrawals, 
 Credit reporting, 682777, Credit reporting company's investigation, 
 Credit card, 682847, Credit line increase/decrease, 
 Bank account or service, 679967, Deposits and withdrawals, 
 Debt collection, 681787, Disclosure verification of debt, 
 Debt collection, 681786, Disclosure verification of debt, 
 Credit reporting, 678258, Incorrect information on credit report, 
 Debt collection, 679306, Cont'd attempts collect debt not owed, 
 Debt collection, 677439, Disclosure verification of debt, 
 Debt collection, 676564, Cont'd attempts collect debt not owed, 
 Debt collection, 677290, Communication tactics, 
 Debt collection, 676166, Improper contact or sharing of info, 
 Credit card, 674378, Delinquent account, 
 Bank account or service, 675525, Problems caused by my funds being low, 
 Bank account or service, 675658, Using a debit or ATM card, 
 Credit reporting, 674674, Incorrect information on credit report, 
 Credit reporting, 674961, Incorrect information on credit report, 
 Mortgage, 672751, Settlement process and costs, 
 Credit reporting, 673070, Incorrect information on credit report, 
 Debt collection, 673010, Cont'd attempts collect debt not owed, 
 Debt collection, 672286, Improper contact or sharing of info, 
 Debt collection, 672283, False statements or representation, 
 Debt collection, 670226, Disclosure verification of debt, 
 Credit reporting, 669487, Unable to get credit report/credit score, 
 Credit card, 670504, Late fee, 
 Student loan, 671250, Can't repay my loan, 
 Credit reporting, 667963, Incorrect information on credit report, 
 Credit reporting, 667971, Incorrect information on credit report, 
 Credit card, 668000, Other, 
 Credit reporting, 666417, Incorrect information on credit report, 
 Debt collection, 664757, Disclosure verification of debt, 
 Credit reporting, 664764, Incorrect information on credit report, 
 Credit reporting, 664759, Incorrect information on credit report, 
 Debt collection, 664758, Disclosure verification of debt, 
 Credit card, 664594, Other, 
 Bank account or service, 663566, Deposits and withdrawals, 
 Debt collection, 663605, Cont'd attempts collect debt not owed, 
 Credit reporting, 663800, Unable to get credit report/credit score, 
 Consumer loan, 664553, Managing the line of credit, 
 Debt collection, 662027, Communication tactics, 
 Credit reporting, 662904, Incorrect information on credit report, 
 Student loan, 659617, Can't repay my loan, 
 Debt collection, 657891, Disclosure verification of debt, 
 Debt collection, 657307, Improper contact or sharing of info, 
 Bank account or service, 655535, Deposits and withdrawals, 
 Credit card, 656027, Closing/Cancelling account, 
 Consumer loan, 654975, Problems when you are unable to pay, 
 Debt collection, 654845, Disclosure verification of debt, 
 Consumer loan, 654866, Managing the loan or lease, 
 Debt collection, 654438, Cont'd attempts collect debt not owed, 
 Debt collection, 654113, Improper contact or sharing of info, 
 Credit reporting, 652375, Incorrect information on credit report, 
 Debt collection, 653791, Cont'd attempts collect debt not owed, 
 Debt collection, 653792, Cont'd attempts collect debt not owed, 
 Debt collection, 648359, Cont'd attempts collect debt not owed, 
 Debt collection, 648360, Cont'd attempts collect debt not owed, 
 Debt collection, 648436, Cont'd attempts collect debt not owed, 
 Credit reporting, 648472, Incorrect information on credit report, 
 Bank account or service, 646866, Problems caused by my funds being low, 
 Student loan, 647869, Can't repay my loan, 
 Credit card, 645384, Other fee, 
 Credit card, 644922, Billing disputes, 
 Credit reporting, 644961, Unable to get credit report/credit score, 
 Credit card, 645038, Identity theft / Fraud / Embezzlement, 
 Debt collection, 642766, Taking/threatening an illegal action, 
 Debt collection, 642765, Taking/threatening an illegal action, 
 Debt collection, 641625, Improper contact or sharing of info, 
 Debt collection, 641639, Communication tactics, 
 Credit card, 640834, Closing/Cancelling account, 
 Credit reporting, 640901, Incorrect information on credit report, 
 Debt collection, 638695, Cont'd attempts collect debt not owed, 
 Debt collection, 638680, Communication tactics, 
 Student loan, 652046, Repaying your loan, 
 Credit reporting, 638453, Incorrect information on credit report, 
 Student loan, 636603, Repaying your loan, 
 Credit reporting, 637604, Incorrect information on credit report, 
 Debt collection, 638122, False statements or representation, 
 Bank account or service, 636322, Deposits and withdrawals, 
 Debt collection, 648990, Cont'd attempts collect debt not owed, 
 Debt collection, 634269, False statements or representation, 
 Credit reporting, 633436, Credit reporting company's investigation, 
 Credit card, 633963, Other, 
 Mortgage, 633068, Settlement process and costs, 
 Credit card, 632177, Billing disputes, 
 Credit card, 630550, Credit determination, 
 Debt collection, 629558, Improper contact or sharing of info, 
 Credit reporting, 629645, Credit reporting company's investigation, 
 Consumer loan, 628095, Taking out the loan or lease, 
 Credit card, 626361, Rewards, 
 Debt collection, 626538, Improper contact or sharing of info, 
 Debt collection, 626599, Communication tactics, 
 Credit card, 625501, APR or interest rate, 
 Debt collection, 625335, Cont'd attempts collect debt not owed, 
 Debt collection, 625337, Cont'd attempts collect debt not owed, 
 Credit reporting, 625365, Incorrect information on credit report, 
 Debt collection, 622466, Cont'd attempts collect debt not owed, 
 Debt collection, 621370, Cont'd attempts collect debt not owed, 
 Consumer loan, 621661, Managing the loan or lease, 
 Credit card, 622329, Identity theft / Fraud / Embezzlement, 
 Consumer loan, 619660, Managing the loan or lease, 
 Credit card, 618919, Other, 
 Debt collection, 618218, Disclosure verification of debt, 
 Credit reporting, 618217, Credit reporting company's investigation, 
 Debt collection, 618668, Communication tactics, 
 Debt collection, 616514, Communication tactics, 
 Credit card, 616519, Credit determination, 
 Credit card, 615042, Other, 
 Debt collection, 611231, Communication tactics, 
 Debt collection, 611230, Communication tactics, 
 Credit card, 609690, Credit card protection / Debt protection, 
 Debt collection, 609618, Communication tactics, 
 Consumer loan, 607372, Managing the loan or lease, 
 Bank account or service, 605687, Problems caused by my funds being low, 
 Credit card, 605811, Privacy, 
 Student loan, 607258, Repaying your loan, 
 Credit card, 604687, Other fee, 
 Debt collection, 604069, Disclosure verification of debt, 
 Debt collection, 600793, False statements or representation, 
 Credit card, 600778, Credit card protection / Debt protection, 
 Student loan, 597088, Repaying your loan, 
 Consumer loan, 598845, Taking out the loan or lease, 
 Bank account or service, 599374, Deposits and withdrawals, 
 Debt collection, 597354, Disclosure verification of debt, 
 Student loan, 596245, Problems when you are unable to pay, 
 Debt collection, 593205, Improper contact or sharing of info, 
 Debt collection, 590962, Disclosure verification of debt, 
 Debt collection, 590961, Disclosure verification of debt, 
 Credit reporting, 592763, Incorrect information on credit report, 
 Credit reporting, 592648, Incorrect information on credit report, 
 Credit card, 592649, Transaction issue, 
 Student loan, 592178, Repaying your loan, 
 Bank account or service, 591586, Deposits and withdrawals, 
 Credit reporting, 591998, Incorrect information on credit report, 
 Credit reporting, 591997, Incorrect information on credit report, 
 Debt collection, 589090, Cont'd attempts collect debt not owed, 
 Consumer loan, 589777, Problems when you are unable to pay, 
 Credit reporting, 590634, Credit reporting company's investigation, 
 Student loan, 586691, Repaying your loan, 
 Debt collection, 585284, Cont'd attempts collect debt not owed, 
 Debt collection, 584041, Disclosure verification of debt, 
 Credit reporting, 584092, Credit reporting company's investigation, 
 Credit card, 585180, Credit line increase/decrease, 
 Student loan, 582614, Problems when you are unable to pay, 
 Credit card, 580879, Other fee, 
 Bank account or service, 582202, Problems caused by my funds being low, 
 Debt collection, 579987, Cont'd attempts collect debt not owed, 
 Debt collection, 580135, Communication tactics, 
 Debt collection, 579482, Disclosure verification of debt, 
 Credit card, 579151, Payoff process, 
 Credit card, 578263, Sale of account, 
 Credit card, 578458, Other, 
 Bank account or service, 577239, Problems caused by my funds being low, 
 Debt collection, 577287, Cont'd attempts collect debt not owed, 
 Credit card, 576329, Billing disputes, 
 Consumer loan, 576398, Problems when you are unable to pay, 
 Credit reporting, 575319, Credit reporting company's investigation, 
 Credit reporting, 575651, Incorrect information on credit report, 
 Bank account or service, 575743, Problems caused by my funds being low, 
 Credit reporting, 575795, Credit reporting company's investigation, 
 Student loan, 575027, Repaying your loan, 
 Debt collection, 573550, Communication tactics, 
 Student loan, 572603, Problems when you are unable to pay, 
 Credit reporting, 571188, Credit reporting company's investigation, 
 Debt collection, 569799, False statements or representation, 
 Debt collection, 570651, Cont'd attempts collect debt not owed, 
 Debt collection, 568561, Communication tactics, 
 Money transfers, 568871, Other transaction issues, 
 Consumer loan, 568057, Managing the loan or lease, 
 Debt collection, 565608, Cont'd attempts collect debt not owed, 
 Credit card, 567585, Arbitration, 
 Debt collection, 567584, Taking/threatening an illegal action, 
 Credit reporting, 564543, Credit reporting company's investigation, 
 Credit card, 564815, Other fee, 
 Credit card, 563922, Unsolicited issuance of credit card, 
 Credit reporting, 563520, Credit reporting company's investigation, 
 Credit reporting, 561517, Incorrect information on credit report, 
 Student loan, 560563, Repaying your loan, 
 Credit reporting, 558924, Unable to get credit report/credit score, 
 Credit card, 560028, Unsolicited issuance of credit card, 
 Debt collection, 559394, Cont'd attempts collect debt not owed, 
 Debt collection, 555917, Disclosure verification of debt, 
 Debt collection, 555411, Cont'd attempts collect debt not owed, 
 Debt collection, 555443, Taking/threatening an illegal action, 
 Credit card, 554980, Billing disputes, 
 Credit reporting, 554386, Credit reporting company's investigation, 
 Credit reporting, 550837, Incorrect information on credit report, 
 Bank account or service, 548042, Deposits and withdrawals, 
 Credit card, 547237, Credit line increase/decrease, 
 Debt collection, 546483, Communication tactics, 
 Debt collection, 541584, Taking/threatening an illegal action, 
 Credit reporting, 541849, Credit reporting company's investigation, 
 Credit card, 542669, Billing disputes, 
 Debt collection, 537953, Cont'd attempts collect debt not owed, 
 Debt collection, 537952, Cont'd attempts collect debt not owed, 
 Debt collection, 535031, Cont'd attempts collect debt not owed, 
 Credit reporting, 533065, Incorrect information on credit report, 
 Debt collection, 530622, Communication tactics, 
 Student loan, 528441, Repaying your loan, 
 Debt collection, 528631, Communication tactics, 
 Debt collection, 526451, Disclosure verification of debt, 
 Debt collection, 526469, Improper contact or sharing of info, 
 Debt collection, 527961, False statements or representation, 
 Debt collection, 525889, Cont'd attempts collect debt not owed, 
 Student loan, 523351, Problems when you are unable to pay, 
 Consumer loan, 523495, Managing the loan or lease, 
 Bank account or service, 523547, Deposits and withdrawals, 
 Credit reporting, 523925, Incorrect information on credit report, 
 Debt collection, 524019, Cont'd attempts collect debt not owed, 
 Consumer loan, 521593, Managing the loan or lease, 
 Debt collection, 520991, Improper contact or sharing of info, 
 Student loan, 520243, Problems when you are unable to pay, 
 Credit card, 520526, Identity theft / Fraud / Embezzlement, 
 Credit reporting, 516888, Incorrect information on credit report, 
 Debt collection, 518800, Improper contact or sharing of info, 
 Student loan, 518629, Repaying your loan, 
 Bank account or service, 517477, Using a debit or ATM card, 
 Credit card, 517901, Other fee, 
 Credit card, 515131, Billing statement, 
 Consumer loan, 514156, Managing the loan or lease, 
 Credit reporting, 511771, Incorrect information on credit report, 
 Credit reporting, 511770, Incorrect information on credit report, 
 Student loan, 511150, Problems when you are unable to pay, 
 Credit card, 510421, Customer service / Customer relations, 
 Debt collection, 509695, Cont'd attempts collect debt not owed, 
 Credit reporting, 508298, Credit reporting company's investigation, 
 Credit reporting, 508297, Credit reporting company's investigation, 
 Credit reporting, 508295, Credit reporting company's investigation, 
 Student loan, 506211, Repaying your loan, 
 Credit card, 501453, APR or interest rate, 
 Bank account or service, 501235, Problems caused by my funds being low, 
 Credit reporting, 503788, Credit reporting company's investigation, 
 Credit card, 505782, Billing disputes, 
 Student loan, 503335, Problems when you are unable to pay, 
 Credit card, 502792, Billing disputes, 
 Consumer loan, 499675, Managing the loan or lease, 
 Mortgage, 496988, Settlement process and costs, 
 Consumer loan, 495143, Taking out the loan or lease, 
 Credit card, 496241, Application processing delay, 
 Credit reporting, 494475, Incorrect information on credit report, 
 Credit card, 494379, Other, 
 Mortgage, 489729, Settlement process and costs, 
 Credit reporting, 489732, Unable to get credit report/credit score, 
 Mortgage, 486965, Settlement process and costs, 
 Credit card, 488018, APR or interest rate, 
 Consumer loan, 485974, Managing the loan or lease, 
 Credit card, 485568, Billing disputes, 
 Consumer loan, 485957, Managing the loan or lease, 
 Credit card, 484009, Billing statement, 
 Debt collection, 482629, Communication tactics, 
 Debt collection, 482731, Improper contact or sharing of info, 
 Debt collection, 483189, False statements or representation, 
 Consumer loan, 483685, Managing the loan or lease, 
 Credit reporting, 482888, Credit monitoring or identity protection, 
 Consumer loan, 480426, Managing the loan or lease, 
 Credit card, 471506, Customer service / Customer relations, 
 Credit reporting, 471505, Incorrect information on credit report, 
 Mortgage, 472220, Settlement process and costs, 
 Credit reporting, 469806, Credit reporting company's investigation, 
 Credit reporting, 468671, Unable to get credit report/credit score, 
 Mortgage, 469123, Settlement process and costs, 
 Debt collection, 469408, Communication tactics, 
 Bank account or service, 480431, Problems caused by my funds being low, 
 Credit reporting, 468489, Unable to get credit report/credit score, 
 Debt collection, 468388, Communication tactics, 
 Credit reporting, 479285, Credit reporting company's investigation, 
 Credit card, 466305, Advertising and marketing, 
 Debt collection, 475342, Disclosure verification of debt, 
 Consumer loan, 466029, Managing the loan or lease, 
 Credit card, 465457, Billing disputes, 
 Credit card, 465459, Billing disputes, 
 Credit card, 465458, Billing disputes, 
 Debt collection, 465502, Communication tactics, 
 Credit reporting, 461953, Incorrect information on credit report, 
 Credit reporting, 479980, Unable to get credit report/credit score, 
 Credit card, 459404, Rewards, 
 Credit reporting, 457384, Incorrect information on credit report, 
 Debt collection, 458002, Communication tactics, 
 Consumer loan, 457690, Managing the loan or lease, 
 Credit reporting, 457689, Incorrect information on credit report, 
 Credit reporting, 449793, Incorrect information on credit report, 
 Credit reporting, 450070, Incorrect information on credit report, 
 Credit reporting, 449363, Incorrect information on credit report, 
 Credit reporting, 449362, Incorrect information on credit report, 
 Credit reporting, 449358, Incorrect information on credit report, 
 Credit reporting, 449357, Incorrect information on credit report, 
 Credit reporting, 449360, Incorrect information on credit report, 
 Credit reporting, 449361, Incorrect information on credit report, 
 Bank account or service, 447622, Problems caused by my funds being low, 
 Credit card, 447794, Credit determination, 
 Credit reporting, 445562, Incorrect information on credit report, 
 Credit reporting, 444321, Incorrect information on credit report, 
 Credit reporting, 444320, Incorrect information on credit report, 
 Credit reporting, 444322, Incorrect information on credit report, 
 Credit reporting, 441427, Incorrect information on credit report, 
 Credit reporting, 441407, Incorrect information on credit report, 
 Credit reporting, 441408, Incorrect information on credit report, 
 Mortgage, 437406, Settlement process and costs, 
 Credit reporting, 435810, Unable to get credit report/credit score, 
 Bank account or service, 436431, Deposits and withdrawals, 
 Credit reporting, 434985, Incorrect information on credit report, 
 Bank account or service, 433736, Problems caused by my funds being low, 
 Mortgage, 433128, Settlement process and costs, 
 Credit card, 432017, Billing statement, 
 Credit reporting, 431853, Incorrect information on credit report, 
 Credit card, 428892, Collection debt dispute, 
 Consumer loan, 429609, Problems when you are unable to pay, 
 Credit reporting, 426964, Credit reporting company's investigation, 
 Mortgage, 424821, Settlement process and costs, 
 Credit card, 424976, Collection debt dispute, 
 Bank account or service, 421304, Problems caused by my funds being low, 
 Credit reporting, 418255, Incorrect information on credit report, 
 Credit reporting, 417575, Incorrect information on credit report, 
 Credit reporting, 418076, Incorrect information on credit report, 
 Credit reporting, 418075, Incorrect information on credit report, 
 Credit reporting, 416646, Incorrect information on credit report, 
 Credit reporting, 416534, Incorrect information on credit report, 
 Credit card, 415529, Collection debt dispute, 
 Bank account or service, 415404, Deposits and withdrawals, 
 Credit reporting, 412810, Incorrect information on credit report, 
 Consumer loan, 410205, Managing the loan or lease, 
 Mortgage, 409535, Settlement process and costs, 
 Student loan, 406416, Problems when you are unable to pay, 
 Credit reporting, 406156, Unable to get credit report/credit score, 
 Consumer loan, 405917, Taking out the loan or lease, 
 Credit card, 402514, Closing/Cancelling account, 
 Credit card, 402692, APR or interest rate, 
 Credit card, 402691, APR or interest rate, 
 Mortgage, 397914, Credit decision / Underwriting, 
 Bank account or service, 396657, Problems caused by my funds being low, 
 Credit card, 396305, Billing disputes, 
 Credit card, 396307, Billing disputes, 
 Credit card, 396446, Billing disputes, 
 Consumer loan, 395793, Problems when you are unable to pay, 
 Credit reporting, 393528, Incorrect information on credit report, 
 Credit reporting, 394033, Incorrect information on credit report, 
 Credit reporting, 393527, Incorrect information on credit report, 
 Credit reporting, 393526, Incorrect information on credit report, 
 Credit card, 393101, Advertising and marketing, 
 Bank account or service, 390303, Problems caused by my funds being low, 
 Credit card, 389272, Credit determination, 
 Credit reporting, 388300, Incorrect information on credit report, 
 Credit reporting, 388361, Incorrect information on credit report, 
 Credit card, 387080, Credit line increase/decrease, 
 Credit card, 383281, Credit line increase/decrease, 
 Credit reporting, 380830, Incorrect information on credit report, 
 Student loan, 381332, Repaying your loan, 
 Consumer loan, 380099, Managing the loan or lease, 
 Credit reporting, 379518, Credit reporting company's investigation, 
 Credit reporting, 379517, Credit reporting company's investigation, 
 Bank account or service, 378657, Deposits and withdrawals, 
 Credit card, 377766, Collection debt dispute, 
 Mortgage, 376892, Settlement process and costs, 
 Credit card, 374960, APR or interest rate, 
 Credit card, 374959, APR or interest rate, 
 Credit card, 374958, APR or interest rate, 
 Bank account or service, 374956, Problems caused by my funds being low, 
 Credit card, 374961, APR or interest rate, 
 Credit card, 373859, APR or interest rate, 
 Bank account or service, 374140, Using a debit or ATM card, 
 Bank account or service, 372965, Deposits and withdrawals, 
 Credit reporting, 373035, Incorrect information on credit report, 
 Credit card, 370958, Credit reporting, 
 Consumer loan, 370083, Problems when you are unable to pay, 
 Student loan, 368102, Repaying your loan, 
 Credit reporting, 369978, Incorrect information on credit report, 
 Credit reporting, 366891, Incorrect information on credit report, 
 Credit card, 367074, Credit card protection / Debt protection, 
 Credit reporting, 367548, Incorrect information on credit report, 
 Credit reporting, 366013, Incorrect information on credit report, 
 Credit reporting, 366015, Incorrect information on credit report, 
 Credit reporting, 366014, Incorrect information on credit report, 
 Student loan, 365331, Repaying your loan, 
 Consumer loan, 363937, Managing the loan or lease, 
 Mortgage, 363548, Credit decision / Underwriting, 
 Bank account or service, 363793, Deposits and withdrawals, 
 Credit card, 359665, Billing disputes, 
 Credit reporting, 360991, Credit reporting company's investigation, 
 Credit card, 361154, Billing disputes, 
 Credit card, 360856, Billing disputes, 
 Consumer loan, 358112, Taking out the loan or lease, 
 Credit reporting, 354565, Incorrect information on credit report, 
 Credit reporting, 353268, Incorrect information on credit report, 
 Credit card, 351632, Credit line increase/decrease, 
 Credit card, 351846, Late fee, 
 Credit card, 352780, Forbearance / Workout plans, 
 Bank account or service, 350860, Deposits and withdrawals, 
 Credit card, 348885, Rewards, 
 Credit reporting, 349680, Incorrect information on credit report, 
 Consumer loan, 349665, Problems when you are unable to pay, 
 Credit reporting, 347408, Incorrect information on credit report, 
 Mortgage, 347879, Credit decision / Underwriting, 
 Credit card, 345354, Delinquent account, 
 Credit card, 343716, Billing disputes, 
 Consumer loan, 343461, Taking out the loan or lease, 
 Credit card, 344276, Credit card protection / Debt protection, 
 Bank account or service, 343526, Problems caused by my funds being low, 
 Credit reporting, 342402, Improper use of my credit report, 
 Bank account or service, 339707, Deposits and withdrawals, 
 Bank account or service, 339775, Problems caused by my funds being low, 
 Credit reporting, 338388, Unable to get credit report/credit score, 
 Credit card, 335610, Credit reporting, 
 Credit card, 333205, APR or interest rate, 
 Student loan, 334517, Repaying your loan, 
 Credit card, 324672, Billing disputes, 
 Consumer loan, 322222, Managing the loan or lease, 
 Credit reporting, 318176, Incorrect information on credit report, 
 Credit reporting, 318175, Incorrect information on credit report, 
 Consumer loan, 318834, Managing the loan or lease, 
 Bank account or service, 318307, Deposits and withdrawals, 
 Bank account or service, 316343, Deposits and withdrawals, 
 Credit card, 316409, Other, 
 Bank account or service, 316585, Deposits and withdrawals, 
 Credit reporting, 314866, Incorrect information on credit report, 
 Credit card, 315083, Billing disputes, 
 Credit reporting, 313906, Credit monitoring or identity protection, 
 Credit card, 313350, Collection practices, 
 Bank account or service, 293035, Deposits and withdrawals, 
 Credit card, 305765, Billing disputes, 
 Credit reporting, 293530, Unable to get credit report/credit score, 
 Bank account or service, 293472, Problems caused by my funds being low, 
 Mortgage, 286462, Settlement process and costs, 
 Bank account or service, 280467, Problems caused by my funds being low, 
 Credit reporting, 282056, Incorrect information on credit report, 
 Credit reporting, 282055, Incorrect information on credit report, 
 Bank account or service, 271058, Problems caused by my funds being low, 
 Mortgage, 258516, Credit decision / Underwriting, 
 Student loan, 254271, Repaying your loan, 
 Credit card, 250628, Credit reporting, 
 Credit card, 249720, Credit determination, 
 Student loan, 259419, Repaying your loan, 
 Credit card, 249368, Late fee, 
 Bank account or service, 234786, Using a debit or ATM card, 
 Bank account or service, 232530, Problems caused by my funds being low, 
 Consumer loan, 229218, Problems when you are unable to pay, 
 Bank account or service, 228116, Deposits and withdrawals, 
 Bank account or service, 228424, Problems caused by my funds being low, 
 Credit reporting, 228453, Unable to get credit report/credit score, 
 Consumer loan, 225519, Managing the loan or lease, 
 Credit card, 225108, Credit determination, 
 Credit reporting, 224497, Incorrect information on credit report, 
 Credit reporting, 224498, Incorrect information on credit report, 
 Credit card, 222853, Billing disputes, 
 Mortgage, 222033, Settlement process and costs, 
 Bank account or service, 215849, Problems caused by my funds being low, 
 Mortgage, 219903, Settlement process and costs, 
 Credit reporting, 215985, Unable to get credit report/credit score, 
 Credit card, 218823, Other, 
 Credit reporting, 218309, Credit reporting company's investigation, 
 Mortgage, 218317, Other, 
 Mortgage, 221130, Settlement process and costs, 
 Credit card, 218163, Collection debt dispute, 
 Credit card, 216873, Late fee, 
 Mortgage, 216774, Settlement process and costs, 
 Credit card, 215260, Credit card protection / Debt protection, 
 Consumer loan, 214743, Managing the loan or lease, 
 Credit reporting, 215020, Incorrect information on credit report, 
 Credit reporting, 214126, Credit reporting company's investigation, 
 Bank account or service, 215126, Problems caused by my funds being low, 
 Credit card, 213844, Identity theft / Fraud / Embezzlement, 
 Student loan, 214125, Repaying your loan, 
 Mortgage, 210875, Credit decision / Underwriting, 
 Consumer loan, 210702, Managing the loan or lease, 
 Mortgage, 210404, Settlement process and costs, 
 Credit reporting, 206242, Incorrect information on credit report, 
 Credit reporting, 206241, Incorrect information on credit report, 
 Credit reporting, 206304, Credit reporting company's investigation, 
 Credit card, 206465, Billing disputes, 
 Student loan, 205737, Repaying your loan, 
 Credit card, 206207, Customer service / Customer relations, 
 Mortgage, 204022, Settlement process and costs, 
 Credit reporting, 203765, Incorrect information on credit report, 
 Credit card, 203382, Late fee, 
 Student loan, 202370, Repaying your loan, 
 Bank account or service, 200649, Problems caused by my funds being low, 
 Credit reporting, 199277, Incorrect information on credit report, 
 Credit reporting, 199600, Incorrect information on credit report, 
 Credit reporting, 198559, Incorrect information on credit report, 
 Credit reporting, 198558, Incorrect information on credit report, 
 Credit reporting, 198560, Incorrect information on credit report, 
 Credit reporting, 198562, Incorrect information on credit report, 
 Credit reporting, 198561, Incorrect information on credit report, 
 Student loan, 196355, Problems when you are unable to pay, 
 Credit reporting, 195398, Incorrect information on credit report, 
 Credit reporting, 195399, Incorrect information on credit report, 
 Credit reporting, 195400, Incorrect information on credit report, 
 Consumer loan, 192316, Managing the loan or lease, 
 Credit card, 190981, Closing/Cancelling account, 
 Credit card, 190558, Collection practices, 
 Credit reporting, 190700, Incorrect information on credit report, 
 Credit reporting, 189479, Incorrect information on credit report, 
 Credit reporting, 189478, Incorrect information on credit report, 
 Mortgage, 189945, Settlement process and costs, 
 Credit card, 188982, APR or interest rate, 
 Mortgage, 188886, Settlement process and costs, 
 Credit reporting, 187762, Incorrect information on credit report, 
 Credit reporting, 186333, Credit reporting company's investigation, 
 Credit reporting, 184913, Credit reporting company's investigation, 
 Credit card, 186420, Credit line increase/decrease, 
 Mortgage, 186306, Credit decision / Underwriting, 
 Student loan, 184395, Repaying your loan, 
 Bank account or service, 183347, Problems caused by my funds being low, 
 Mortgage, 183257, Settlement process and costs, 
 Credit reporting, 183009, Credit reporting company's investigation, 
 Credit reporting, 182289, Incorrect information on credit report, 
 Credit card, 182583, Credit determination, 
 Credit card, 181242, Collection practices, 
 Consumer loan, 181271, Taking out the loan or lease, 
 Credit reporting, 179915, Incorrect information on credit report, 
 Credit card, 179378, Identity theft / Fraud / Embezzlement, 
 Credit card, 179166, Billing disputes, 
 Credit card, 179262, Billing disputes, 
 Credit card, 178995, Billing disputes, 
 Credit reporting, 178260, Incorrect information on credit report, 
 Consumer loan, 178444, Managing the loan or lease, 
 Credit reporting, 178496, Unable to get credit report/credit score, 
 Bank account or service, 176731, Problems caused by my funds being low, 
 Credit reporting, 176762, Incorrect information on credit report, 
 Student loan, 175931, Repaying your loan, 
 Bank account or service, 176548, Deposits and withdrawals, 
 Credit card, 174898, APR or interest rate, 
 Bank account or service, 173715, Deposits and withdrawals, 
 Mortgage, 171382, Settlement process and costs, 
 Mortgage, 169688, Settlement process and costs, 
 Student loan, 169837, Problems when you are unable to pay, 
 Consumer loan, 169939, Problems when you are unable to pay, 
 Mortgage, 166834, Settlement process and costs, 
 Credit card, 165393, Identity theft / Fraud / Embezzlement, 
 Mortgage, 164642, Credit decision / Underwriting, 
 Bank account or service, 163855, Problems caused by my funds being low, 
 Credit card, 160158, Collection practices, 
 Credit card, 157569, Collection practices, 
 Bank account or service, 156831, Deposits and withdrawals, 
 Bank account or service, 156720, Deposits and withdrawals, 
 Mortgage, 156428, Credit decision / Underwriting, 
 Bank account or service, 155095, Problems caused by my funds being low, 
 Consumer loan, 153506, Managing the line of credit, 
 Bank account or service, 153435, Problems caused by my funds being low, 
 Bank account or service, 152338, Using a debit or ATM card, 
 Credit card, 151479, Credit line increase/decrease, 
 Credit card, 149947, Billing statement, 
 Bank account or service, 149602, Deposits and withdrawals, 
 Bank account or service, 147003, Deposits and withdrawals, 
 Credit card, 145959, APR or interest rate, 
 Consumer loan, 141869, Taking out the loan or lease, 
 Bank account or service, 140277, Problems caused by my funds being low, 
 Mortgage, 136861, Settlement process and costs, 
 Bank account or service, 135618, Deposits and withdrawals, 
 Mortgage, 135655, Settlement process and costs, 
 Student loan, 133308, Repaying your loan, 
 Student loan, 132821, Repaying your loan, 
 Credit card, 131384, Billing disputes, 
 Credit card, 130496, Advertising and marketing, 
 Consumer loan, 130588, Managing the loan or lease, 
 Credit card, 130972, Billing disputes, 
 Bank account or service, 129464, Problems caused by my funds being low, 
 Credit card, 130291, APR or interest rate, 
 Credit card, 126170, Credit determination, 
 Credit card, 124399, Credit reporting, 
 Bank account or service, 123467, Deposits and withdrawals, 
 Credit card, 123560, Collection practices, 
 Student loan, 123684, Repaying your loan, 
 Credit card, 122555, Advertising and marketing, 
 Consumer loan, 122572, Account terms and changes, 
 Credit card, 121502, Transaction issue, 
 Credit card, 119939, Billing disputes, 
 Bank account or service, 120044, Deposits and withdrawals, 
 Bank account or service, 114015, Problems caused by my funds being low, 
 Bank account or service, 111101, Deposits and withdrawals, 
 Student loan, 109119, Problems when you are unable to pay, 
 Credit card, 107675, Credit reporting, 
 Credit card, 106381, APR or interest rate, 
 Credit card, 106887, Other, 
 Bank account or service, 104148, Problems caused by my funds being low, 
 Credit card, 104381, Customer service / Customer relations, 
 Credit card, 104548, APR or interest rate, 
 Credit card, 105859, Identity theft / Fraud / Embezzlement, 
 Credit card, 103338, Credit line increase/decrease, 
 Credit card, 103339, Closing/Cancelling account, 
 Bank account or service, 103349, Using a debit or ATM card, 
 Credit card, 103363, APR or interest rate, 
 Bank account or service, 103550, Problems caused by my funds being low, 
 Credit card, 103629, Transaction issue, 
 Student loan, 101859, Repaying your loan, 
 Student loan, 102429, Problems when you are unable to pay, 
 Student loan, 102475, Repaying your loan, 
 Credit card, 102763, APR or interest rate, 
 Mortgage, 102895, Settlement process and costs, 
 Student loan, 101815, Repaying your loan, 
 Student loan, 100944, Getting a loan, 
 Bank account or service, 101231, Deposits and withdrawals, 
 Credit card, 99063, APR or interest rate, 
 Credit card, 95840, Credit card protection / Debt protection, 
 Bank account or service, 96323, Deposits and withdrawals, 
 Bank account or service, 94526, Problems caused by my funds being low, 
 Credit card, 91516, APR or interest rate, 
 Consumer loan, 92185, Account terms and changes, 
 Credit card, 90023, Advertising and marketing, 
 Bank account or service, 90173, Problems caused by my funds being low, 
 Credit card, 87881, Collection debt dispute, 
 Consumer loan, 88420, Managing the line of credit, 
 Student loan, 87799, Problems when you are unable to pay, 
 Student loan, 87804, Problems when you are unable to pay, 
 Credit card, 87160, Billing disputes, 
 Mortgage, 44076, Other, 
 Credit card, 85546, Payoff process, 
 Credit card, 81000, Closing/Cancelling account, 
 Student loan, 80105, Problems when you are unable to pay, 
 Bank account or service, 77086, Deposits and withdrawals, 
 Credit card, 75780, Billing statement, 
 Mortgage, 76748, Credit decision / Underwriting, 
 Bank account or service, 70946, Problems caused by my funds being low, 
 Credit card, 69174, APR or interest rate, 
 Bank account or service, 69419, Problems caused by my funds being low, 
 Credit card, 68149, Balance transfer, 
 Bank account or service, 64809, Deposits and withdrawals, 
 Consumer loan, 38418, Taking out the loan or lease, 
 Credit card, 64290, Identity theft / Fraud / Embezzlement, 
 Credit card, 63214, Late fee, 
 Mortgage, 38399, Credit decision / Underwriting, 
 Consumer loan, 61475, Managing the loan or lease, 
 Bank account or service, 62047, Deposits and withdrawals, 
 Bank account or service, 38267, Deposits and withdrawals, 
 Credit card, 60713, Closing/Cancelling account, 
 Bank account or service, 57403, Deposits and withdrawals, 
 Student loan, 54433, Repaying your loan, 
 Bank account or service, 42729, Deposits and withdrawals, 
 Student loan, 44789, Getting a loan, 
 Credit card, 43650, Billing disputes, 
 Credit card, 43270, APR or interest rate, 
 Credit card, 82059, Late fee, 
 Credit card, 43227, Billing statement, 
 Consumer loan, 39347, Managing the loan or lease, 
 Credit card, 42728, Customer service / Customer relations, 
 Student loan, 42871, Repaying your loan, 
 Credit card, 42316, APR or interest rate, 
 Mortgage, 42406, Settlement process and costs, 
 Credit card, 41386, Billing disputes, 
 Mortgage, 41442, Credit decision / Underwriting, 
 Bank account or service, 39131, Deposits and withdrawals, 
 Credit card, 40930, Credit determination, 
 Credit card, 17723, Billing disputes, 
 Credit card, 34985, Collection practices, 
 Bank account or service, 35116, Deposits and withdrawals, 
 Credit card, 34343, APR or interest rate, 
 Bank account or service, 17488, Deposits and withdrawals, 
 Credit card, 31925, Credit reporting, 
 Credit card, 31924, Credit reporting, 
 Student loan, 32135, Repaying your loan, 
 Student loan, 32133, Repaying your loan, 
 Credit card, 32544, Billing disputes, 
 Credit card, 31921, Credit reporting, 
 Consumer loan, 33725, Managing the loan or lease, 
 Mortgage, 31213, Credit decision / Underwriting, 
 Credit card, 30055, Credit reporting, 
 Credit card, 30294, APR or interest rate, 
 Bank account or service, 29869, Deposits and withdrawals, 
 Bank account or service, 29315, Using a debit or ATM card, 
 Credit card, 28704, Identity theft / Fraud / Embezzlement, 
 Credit card, 28782, Forbearance / Workout plans, 
 Credit card, 23783, Credit reporting, 
 Credit card, 22411, Credit reporting, 
 Credit card, 18282, APR or interest rate, 
 Credit card, 18145, Billing disputes, 
 Credit card, 15907, Credit reporting, 
 Credit card, 15909, Credit reporting, 
 Credit card, 15908, Credit reporting, 
 Credit card, 15910, Credit reporting, 
 Credit card, 12546, Forbearance / Workout plans, 
 Credit card, 10718, Payoff process, 
 Credit card, 11547, Late fee, 
 Mortgage, 9055, Settlement process and costs, 
 Credit card, 9241, Identity theft / Fraud / Embezzlement, 
 Credit card, 7852, Credit line increase/decrease, 
 Credit card, 7653, Collection practices, 
 Credit card, 7030, Credit line increase/decrease, 
 Credit card, 6548, Credit reporting, 
 Credit card, 3995, Collection practices, 
 Credit card, 3434, Credit reporting, 
